filename,grade_match,referable_match,max_prob_delta,mean_prob_delta,B_grade,D_grade,B_ref,D_ref
005b95c28852.png,True,True,0.03984710418507009,0.01593884726705672,0,0,False,False
0124dffecf29.png,True,True,0.12246783250952975,0.04898714324836026,0,0,False,False
0182152c50de.png,True,True,0.00012307862879690212,4.926294459178984e-05,0,0,False,False
01b3aed3ed4c.png,False,True,0.1913914521584389,0.07731203248026793,1,2,False,False
0231642cf1c2.png,True,True,0.0001385668797360129,6.0080369023973536e-05,0,0,False,False
0232dfea7547.png,True,True,0.00014067614198343126,5.627466884523432e-05,0,0,False,False
032d7b0b4bf6.png,True,True,0.00510929715529207,0.0021488193143247036,2,2,True,True
034cb07a550f.png,True,True,0.1881066269786137,0.07811803972759467,2,2,True,True
0423237770a7.png,True,True,1.403623873519333e-05,5.600158219607479e-06,0,0,False,False
04579e31e4be.png,True,True,2.2635916733874917e-06,9.666632887865313e-07,0,0,False,False
04ac765f91a1.png,True,True,0.11836842359392036,0.04734737027575845,1,1,False,False
05a5183c92d0.png,False,True,0.2872856124680167,0.11491423660530353,1,2,False,False
05cd0178ccfe.png,True,True,0.07522733021660322,0.038047918567072965,3,3,True,True
06be1092a062.png,True,True,0.002620900631008949,0.0010483337218974223,0,0,False,False
0790515cf5af.png,True,True,3.08310508354559e-05,1.2340466815709977e-05,0,0,False,False
07929d32b5b3.png,True,True,0.034105315724024754,0.013713255124916567,1,1,False,False
086d41d17da8.png,True,True,0.1375450501099788,0.059558926848478536,1,1,False,False
09237bf783a4.png,True,True,1.506402156303821e-05,6.037582395845635e-06,0,0,False,False
093a42649c29.png,True,True,0.11480055320150362,0.05286115340973667,2,2,True,True
09f6ab477654.png,True,True,0.0764168885262353,0.030566757657309856,2,2,True,True
0a74c92e287c.png,True,True,0.014494841398733471,0.005797941539158726,0,0,False,False
0d9a9896f801.png,True,True,9.643546747772902e-05,3.8556865300682284e-05,0,0,False,False
0da09e3ce8f1.png,True,True,0.014682180621881424,0.00587286780168727,2,2,True,True
0db1d8dcf219.png,True,True,0.014951404505936017,0.0059805383548733795,0,0,False,False
0dbaa09a458c.png,True,True,0.02193144757989697,0.011311604028378325,2,2,True,True
0dc031c94225.png,True,True,0.07277248252396351,0.02910896754955451,1,1,False,False
0e43c8298fc0.png,True,True,0.006071357946293099,0.002428546621500409,0,0,False,False
0eb52045349f.png,True,True,0.10973407910423882,0.044128113601296634,1,1,False,False
0ef4c61dc056.png,True,True,2.8339825432155408e-05,1.1330781705281448e-05,0,0,False,False
0fb1053285cf.png,True,True,0.13491403147702785,0.0546423426453088,1,1,False,False
0fcfc6301f3d.png,True,True,0.1793833379566806,0.0962380501287363,2,2,True,True
0fe31196e0e8.png,True,True,1.3611342317698671e-05,5.4368663397373155e-06,0,0,False,False
1006345f70b7.png,True,True,0.015908214935239418,0.007674464000436923,2,2,True,True
101b9ebfc720.png,True,True,0.15082009387397688,0.06032805622260834,1,1,False,False
10eefba568dd.png,True,True,0.18164619116939984,0.0743195849693267,2,2,True,True
10f6ef37fe43.png,True,True,6.088618552702041e-05,2.437122710321423e-05,0,0,False,False
1269ab57c2e6.png,True,True,0.06059584292595899,0.024238336807313292,1,1,False,False
13063d1bc4ea.png,True,True,0.0308214039112501,0.012777063635302371,4,4,True,True
13073f075a56.png,True,True,3.246684997049165e-05,1.2948053903440526e-05,0,0,False,False
13c191b59ed0.png,True,True,0.005502098798430111,0.002200859370685521,0,0,False,False
1411c8ab7161.png,True,True,0.06163171118356864,0.026184084874174778,2,2,True,True
144a1a426137.png,True,True,0.027426739974762193,0.010970694127259704,0,0,False,False
14e3f84445f7.png,True,True,0.13479611311528317,0.0539184630722094,4,4,True,True
150fc7127582.png,True,True,4.910172718641803e-06,1.9637374856695654e-06,0,0,False,False
1594ca6c30d3.png,True,True,0.17811794502549344,0.07124718890053237,2,2,True,True
15c24478ac72.png,True,True,4.0253986374527706e-05,1.6108479970393595e-05,0,0,False,False
1638404f385c.png,True,True,0.08907452011301653,0.035629805057789364,4,4,True,True
165c548185f8.png,True,True,2.9403845350781593e-06,1.7253545681915099e-06,0,0,False,False
178412895d5e.png,True,True,0.051997762248641055,0.020799110808989166,0,0,False,False
17eff993386f.png,True,False,0.12626067411819603,0.050504276352800935,1,1,False,True
17f6c7072f61.png,True,True,2.1431968581064886e-05,8.562383904392045e-06,0,0,False,False
184a185e7447.png,True,True,0.002261662421571775,0.0009046614557963578,0,0,False,False
18621b9ca978.png,True,True,0.006286559570015671,0.0025146152671145544,0,0,False,False
18cde9649e90.png,True,True,0.015046880440410693,0.0060187629001982055,0,0,False,False
18ce0cdc473d.png,True,True,0.00038136609449612724,0.00015256232048632294,0,0,False,False
191a711852bd.png,True,True,0.03570140034904201,0.014280567817571092,4,4,True,True
19244004583f.png,True,True,0.04132432456704027,0.016556334072498895,4,4,True,True
194814669fee.png,True,True,0.06111532859999355,0.024450602263480926,2,2,True,True
19b0e3c734f5.png,True,True,6.374842543666048e-05,2.5499248302357768e-05,0,0,False,False
1a1b4b2450ca.png,True,True,0.03191023334316243,0.013530450994804377,2,2,True,True
1ade1e949383.png,True,True,0.08646162339689917,0.03569696505078432,2,2,True,True
1b329a127307.png,True,True,0.019913511823301255,0.007965408195586722,2,2,True,True
1b32e1d775ea.png,True,True,0.08557677543097983,0.034230703760818076,4,4,True,True
1bea04b2bb2d.png,True,True,0.037312800215206554,0.01492513135508578,2,2,True,True
1bf30c84bbad.png,True,True,0.26037219699746705,0.1043780656604946,2,2,True,True
1c4f3aa4df06.png,True,True,0.14456197306224905,0.05782478156477143,2,2,True,True
1c6d119c3d70.png,True,True,0.10047409651363803,0.04026743714683919,2,2,True,True
1d0b93317aa8.png,True,True,0.006174090329968296,0.002469614766592553,0,0,False,False
1d14dd912671.png,True,True,0.09856705261331089,0.039426810214333884,2,2,True,True
1d2472849dce.png,True,True,3.4152325972924835e-05,1.369348475157902e-05,0,0,False,False
1d37f1c8b6d8.png,True,True,5.8493501115974844e-05,2.3400576038104114e-05,0,0,False,False
1df0a4c23c95.png,True,True,0.003774353856287105,0.0015097514294498404,0,0,False,False
1e036f2e7095.png,True,True,7.142585510033772e-05,2.858937830992261e-05,0,0,False,False
1e742358e0b9.png,True,True,0.00010276527662933521,4.1120262207369504e-05,0,0,False,False
1e7ccd4a1c87.png,True,True,5.997799959100991e-05,2.484226903052676e-05,0,0,False,False
1ee355480567.png,True,True,0.009476174622120026,0.003790502625854693,0,0,False,False
1eee55494271.png,True,True,0.005741055832004238,0.002296430175329006,0,0,False,False
1f15ca672675.png,True,True,0.00383309451551761,0.0015332622039481232,0,0,False,False
1f4bf8e28b41.png,True,True,0.0205199357184227,0.008207980404994226,1,1,False,False
2017cd92c63d.png,True,True,0.060613570305200024,0.024788982431961485,4,4,True,True
201f6e10c108.png,True,True,5.117482411176599e-05,2.0444848691214897e-05,0,0,False,False
20f86e068276.png,True,True,9.644371099748472e-05,3.858768110787835e-05,0,0,False,False
211518c46162.png,True,True,0.05341611062864163,0.02162323840880852,4,4,True,True
224bb938e2dd.png,True,True,0.10053596030580492,0.04021437386776918,2,2,True,True
23175b7ef453.png,True,True,0.0657003183052699,0.02628012626272852,2,2,True,True
233d948e2544.png,True,True,0.00056050472638558,0.00022551626432199093,0,0,False,False
236f56771ec6.png,True,True,0.005880956262785397,0.0023523789588124266,2,2,True,True
23d7ca170bdb.png,True,True,0.13725295519599012,0.05534411445500871,2,2,True,True
2463bb04ebc3.png,True,True,0.024863186575139862,0.009945269272040766,2,2,True,True
24b87f744598.png,False,True,0.08235089232785825,0.032940349917756816,3,2,True,True
253e96488cfb.png,True,True,0.0362529958982717,0.01967560669878929,0,0,False,False
259d30f693b6.png,True,True,0.01365727109436099,0.005462910905749218,0,0,False,False
25d069089c5e.png,True,True,0.0722559266677032,0.028902372555192273,3,3,True,True
261c6bd63bff.png,True,True,0.021334633057159838,0.008540543374261654,2,2,True,True
262ad704319c.png,True,True,0.016912404968994932,0.006935112687216413,2,2,True,True
263d8851e33b.png,True,True,0.0049349245559251464,0.001973967798926288,0,0,False,False
26453eb7e989.png,True,True,0.00267073614391522,0.0013914768499933097,2,2,True,True
2665f72e2dd3.png,True,True,0.12087423373521722,0.048349692143669146,3,3,True,True
26fc2358a38d.png,True,True,3.840113670550149e-05,1.539500456696628e-05,0,0,False,False
2735be026d44.png,True,True,0.017620758631618494,0.008621517626177072,2,2,True,True
274f4de2a59d.png,True,True,5.30622551662141e-05,2.122813550201183e-05,0,0,False,False
27e2be850a99.png,True,True,0.025021282049226046,0.010008517907767557,4,4,True,True
27e4c800a449.png,True,True,0.020218735273845434,0.008087507217903422,1,1,False,False
282bc792d23a.png,True,True,0.07309665883860791,0.030373882998471734,2,2,True,True
289a47dcbb82.png,True,True,0.036419193427574714,0.014567665083392634,0,0,False,False
2967e578939f.png,True,True,0.005804686490402555,0.003126895412026687,2,2,True,True
2974c6ad1d58.png,True,True,0.00013551975687742246,5.421541372203907e-05,0,0,False,False
29bc0e721cfe.png,True,True,0.12212674777464047,0.06472304495709953,4,4,True,True
2a7373eeb352.png,True,True,0.00015109807068236503,6.0451611147204344e-05,0,0,False,False
2b2f5a0f880d.png,True,True,0.017282428284428497,0.006912959494705842,0,0,False,False
2cacdb0dffae.png,True,True,1.3143389774428194e-05,5.820637353706673e-06,0,0,False,False
2cbfc6182ba2.png,True,True,0.16729019315007854,0.06691607539447589,4,4,True,True
2d07162a13b1.png,True,True,0.02201755680200415,0.008869850522983492,2,2,True,True
2d558de2cabe.png,True,True,0.02611174085578527,0.010444713688197084,0,0,False,False
2e79041ef722.png,True,True,0.007397651168176367,0.0034610251788646214,2,2,True,True
2fde69f20585.png,True,True,0.08144115945987274,0.0325764690721151,4,4,True,True
302bcdb635ff.png,True,True,0.13194738118328636,0.05821706751139657,2,2,True,True
308f7fce6f0d.png,True,True,0.006864118088063198,0.0028028423100307704,2,2,True,True
31360e44ac64.png,True,True,0.0003958153459083791,0.00016280216905423988,0,0,False,False
31616ff6b53b.png,True,True,0.08613385109503324,0.0344535524200603,2,2,True,True
3178559fbf57.png,True,True,5.9661925750797984e-05,2.3869261385166998e-05,0,0,False,False
31cb39681f6a.png,True,True,0.051825485086959416,0.024937871357627362,2,2,True,True
3206171db5be.png,True,True,0.1322381247266704,0.057230815592325866,2,2,True,True
33b91def2035.png,True,True,0.0029878581449380714,0.0011951471656191756,0,0,False,False
33e8e26a75d4.png,True,True,0.0836244648550567,0.03493674015921501,2,2,True,True
3435fd8675a2.png,True,True,0.003932590268049652,0.0015730403834820343,4,4,True,True
3486f7096276.png,True,True,0.0007705741156561752,0.00030824529611968526,0,0,False,False
35777eb7859d.png,True,True,4.823072661774841e-05,1.9295174109067093e-05,0,0,False,False
3580a545016d.png,True,True,1.1432343158303553e-05,4.921277364052337e-06,0,0,False,False
365f8c01d994.png,True,True,0.008606873775309665,0.0034427444344158078,0,0,False,False
36a1e3c780a0.png,True,True,0.07166227566724279,0.028664918171497456,2,2,True,True
3810040096cb.png,True,True,0.0975139256005021,0.03900557916038845,4,4,True,True
382752f6694a.png,True,True,0.25986707186357283,0.10394683943235568,1,1,False,False
38487e1a5b1f.png,True,True,0.060457851192845635,0.024187477875805215,2,2,True,True
38e0e28d35d3.png,False,True,0.043851492714833684,0.018834783156830587,0,2,False,False
3a122851e526.png,True,True,0.0011512583343467955,0.00046051439028391643,2,2,True,True
3ac3fbfca7d4.png,True,True,0.0744818426297016,0.0297927388537715,2,2,True,True
3ac92ac3d65a.png,True,True,0.0016023431657163911,0.0006409534712083755,0,0,False,False
3af9aaa880e9.png,True,True,1.0017680446283705e-05,3.992489704258435e-06,0,0,False,False
3b018e8b7303.png,True,True,0.01878761873409507,0.007700056953122675,2,2,True,True
3b185ac445d0.png,True,True,0.004984324964405207,0.002201169647309281,3,3,True,True
3b232b394e4f.png,True,True,0.017388309612053177,0.006955320492060016,4,4,True,True
3b9817a39adf.png,True,True,5.0301860626933426e-05,2.0119320436764737e-05,0,0,False,False
3b9c1f42c2f2.png,True,True,0.03608226732499033,0.023616429537243973,2,2,True,True
3bf2deaa5ef0.png,True,True,3.188491724448461e-05,1.2749593683460809e-05,0,0,False,False
3c28fd846b43.png,True,True,1.6612376100971e-05,6.654322237552077e-06,0,0,False,False
3ca12e02dd4e.png,True,True,1.0560083761101957e-05,4.246872371563291e-06,0,0,False,False
3ca8be3b40d6.png,True,True,0.019536059229282254,0.007814414262071858,0,0,False,False
3d2ecffe0386.png,True,True,0.030166722879401142,0.012066715841428174,0,0,False,False
3d3e288d490e.png,True,True,0.06657369594200302,0.026678390022551273,3,3,True,True
3e6bfc4d5c65.png,True,True,0.006776621202352277,0.002804149226017569,2,2,True,True
3ee17aa12e46.png,True,True,0.03482844003030098,0.017401493268058694,1,1,False,False
3f0d3629d69e.png,True,True,0.013516186212137793,0.00540646834685727,0,0,False,False
3f44d749cd0b.png,True,True,0.003688666721278322,0.0014754543812290307,0,0,False,False
3f49f8d100e9.png,True,True,0.013512161414427126,0.005429155710285574,4,4,True,True
3f6bccf21ce8.png,True,True,4.478327728985043e-06,2.508234783456494e-06,0,0,False,False
3f6c627e2ff2.png,True,True,7.894036784084069e-05,3.1557173257898354e-05,0,0,False,False
3f752fcccec0.png,True,True,0.049934194628230566,0.019973673123374957,4,4,True,True
3f8d5c940ba4.png,True,True,0.09925010338550566,0.04340239869313812,2,2,True,True
3fd45879afe6.png,True,True,6.9191900460841e-05,2.7656927742849304e-05,0,0,False,False
3ffa14d60b24.png,True,True,0.03892256878825617,0.015569016828284977,2,2,True,True
40140a925c43.png,True,True,0.10678377254055982,0.044129906552545964,2,2,True,True
40527a5e95dd.png,True,True,0.03320320274389266,0.013281273841608373,2,2,True,True
415d5c5e785f.png,True,True,2.72397232771171e-05,1.1112329521899121e-05,0,0,False,False
42cc993f23a9.png,True,True,0.025094972652360797,0.010202691589176796,2,2,True,True
4360a112db10.png,False,False,0.5734976880748808,0.22939908342559095,1,3,False,True
437cbec4a3f8.png,True,True,0.017816235590570634,0.007126489859012164,2,2,True,True
4384fa687afa.png,False,False,0.14725603969961681,0.05890241946543866,1,2,False,True
44271f3cb18f.png,True,True,0.002870916630246856,0.0011483618155878278,0,0,False,False
4462fba1d2a1.png,True,True,0.12277730396643546,0.05289254569326157,2,2,True,True
44855f666225.png,True,True,0.004757685214172858,0.001903347478220459,2,2,True,True
4489d421e5aa.png,True,True,0.09389141140384039,0.03755655941597893,2,2,True,True
44c869174e3a.png,True,True,0.10380371275557154,0.0415215083270853,2,2,True,True
453d553b0a94.png,True,True,0.0805539240983203,0.03222157258245296,2,2,True,True
454a944eb557.png,True,True,0.003890176314509053,0.0015561029653877805,0,0,False,False
461fa5292fda.png,True,True,8.349165457666174e-06,3.3149750390170578e-06,0,0,False,False
4731e708ede3.png,True,True,0.00728840138272957,0.0029153857149448485,0,0,False,False
475c7ded0f7a.png,True,True,0.06068294609313876,0.026284394865525855,2,2,True,True
47b756014447.png,True,True,0.12344376358908127,0.06257666036382299,2,2,True,True
482088e6be44.png,True,True,0.010789962655410101,0.004315985629688777,0,0,False,False
4860f7813654.png,True,True,0.002803733440852385,0.0011215188400098368,0,0,False,False
4926dea289f8.png,True,True,2.543740947580364e-05,1.2530869416068109e-05,0,0,False,False
49419f8d5cb4.png,True,True,0.034866371253199135,0.013946566346293293,2,2,True,True
495106ae3b68.png,True,True,7.393296339808231e-05,3.0381374722887772e-05,0,0,False,False
496155f71d0a.png,True,True,8.537210136605466e-06,4.106874879638256e-06,0,0,False,False
4aa07d720638.png,True,True,0.12223532788028768,0.049234955864950636,1,1,False,False
4aa3d771c5e4.png,True,True,3.359903929411878e-05,1.3467803505075282e-05,0,0,False,False
4b422b48d0d4.png,True,True,0.03282787250804764,0.013219575598429668,2,2,True,True
4b5ffea77373.png,True,True,0.01948028560276971,0.007792114541423036,2,2,True,True
4b618537d52f.png,True,True,0.03352441323192962,0.013409757297949609,2,2,True,True
4b6895d0cf8d.png,True,True,0.0010564467149948298,0.0004225851901583433,0,0,False,False
4bd941611343.png,True,False,0.25669015196708933,0.10326767214067778,1,1,True,False
4beeca5cc859.png,True,True,5.17811670191267e-06,2.407776225675436e-06,0,0,False,False
4cde86044ad1.png,True,True,2.8609106887178548e-05,1.1447502104690105e-05,0,0,False,False
4d3de40ced3a.png,True,True,4.4058751053399625e-05,1.7646814772337726e-05,0,0,False,False
4da2961e62fe.png,True,True,0.006274195409849637,0.0030723841232660485,1,1,False,False
4dd14c380696.png,True,True,0.012113571100169751,0.004845417206353132,0,0,False,False
4dd4a4bf2421.png,True,True,0.00045055828762929906,0.00018020687138755134,0,0,False,False
4ec7796df40e.png,True,True,0.0058093201106652614,0.002323727686289019,0,0,False,False
4f7755e74a9e.png,True,True,0.08045132498054192,0.03218053539388771,2,2,True,True
4faf4063db8c.png,True,True,3.314999951764541e-05,1.3253894914858088e-05,0,0,False,False
5090917a2676.png,True,True,0.05783164918097761,0.024972842772378705,2,2,True,True
50a2aef380c8.png,True,True,0.07250971252871269,0.03302787126023971,2,2,True,True
51131b48f9d4.png,True,True,0.019135736810472558,0.010649029563283346,2,2,True,True
51405d042000.png,True,True,0.24937618690609487,0.09975046346069298,2,2,True,True
5152bf091152.png,True,True,0.042614917365475624,0.024655605597605833,4,4,True,True
519c6e8f78dc.png,True,True,0.009390288322683848,0.003756136569776543,0,0,False,False
51d780864365.png,False,True,0.10551659509659822,0.04221333279397586,4,3,True,True
51da6aebba8f.png,True,True,0.01160900707077317,0.004643602447594807,4,4,True,True
524f240e0c90.png,True,True,0.08188242727253559,0.03533667962248241,2,2,True,True
525acfea47e8.png,True,True,0.04401947034880682,0.017607794597662728,2,2,True,True
5288f7441f64.png,True,True,0.0028684101076065227,0.0011473682921791797,0,0,False,False
531b39880c32.png,True,False,0.11376193902831377,0.045504771443656986,1,1,True,False
5321ab64f9ea.png,True,True,1.1008524304356726e-05,4.4236630773320135e-06,0,0,False,False
537e50fdf22e.png,True,True,0.0024023693387891314,0.0009609619003045057,3,3,True,True
53ddae6a619e.png,True,True,0.011056287763989814,0.0044225017123769765,0,0,False,False
54038e56131d.png,True,True,8.602119998979418e-05,3.443738300992078e-05,0,0,False,False
540e4973829e.png,True,True,0.008858284781227299,0.00354328039206321,0,0,False,False
541db13517e2.png,True,True,0.17553902444377933,0.0714902293261864,3,3,True,True
542964865b1e.png,True,True,1.2090741098536029e-05,4.84950666896794e-06,0,0,False,False
545df1bbcd61.png,True,True,0.00022473724078919677,8.990103431350311e-05,0,0,False,False
54bbe3da103e.png,True,True,0.002641218203834353,0.0010564915947214267,2,2,True,True
568455854a11.png,True,True,0.00261524067096075,0.0010461215662522553,0,0,False,False
57a5f1015504.png,True,True,0.04814008320630747,0.019256042652501176,2,2,True,True
5814cbd2e9bf.png,True,True,8.549312771077844e-05,3.4197979771484326e-05,0,0,False,False
58529a8638d0.png,True,True,0.06458693400570203,0.02583476265392003,2,2,True,True
58ccba7eec9c.png,True,True,0.048598055936761864,0.019439208265167762,2,2,True,True
58eb3809f456.png,True,True,0.005590010763662168,0.0022359929729790042,0,0,False,False
599b89048034.png,True,True,0.06977524131421216,0.028436513679139474,2,2,True,True
5a0fe0ee4301.png,True,True,0.0001401740458062406,5.605568340845856e-05,0,0,False,False
5b068765e846.png,False,True,0.17006597730781292,0.06824262675505224,1,0,False,False
5b2648ad455e.png,True,True,0.01133211301725412,0.0045328341969225455,0,0,False,False
5b804948e35f.png,True,True,0.028444581545109093,0.011377824911349334,0,0,False,False
5b994ff78547.png,True,True,4.437438955950945e-06,1.8513656372593394e-06,0,0,False,False
5ce5eeaf757a.png,True,True,0.013060557327709721,0.00522424420471066,0,0,False,False
5d6239c0fd39.png,True,True,9.768473927573851e-05,3.905399014545766e-05,0,0,False,False
5e505e25cd3e.png,True,True,0.06293851076817958,0.02517542089354479,0,0,False,False
5e7630f8438e.png,True,True,0.08725717801380772,0.034902880230620915,2,2,True,True
5efa24b03d5e.png,True,True,0.21036065483943514,0.09011606418369407,0,0,False,False
5f51192841f7.png,True,True,1.8967975605743703e-05,7.590347098417538e-06,0,0,False,False
5f6db235c04d.png,True,True,5.225429061928022e-05,2.0886974429992305e-05,0,0,False,False
5fcff7280019.png,True,True,0.00012135365999799141,4.853044092342571e-05,0,0,False,False
606daaf0bfc7.png,True,True,0.04587920269286805,0.018351686790229114,0,0,False,False
60edda7b4871.png,True,True,0.024910044023811473,0.009964023537611067,0,0,False,False
60eeae3ba23d.png,True,True,0.026003679918798817,0.010482590691503087,2,2,True,True
6107a2e9f60e.png,True,True,8.444245925920413e-05,3.400885570151731e-05,0,0,False,False
6110ecb3bb1c.png,True,True,0.00010158030444407107,4.060555361838707e-05,0,0,False,False
6155cf375354.png,True,True,9.528860485663593e-06,3.819740378567679e-06,0,0,False,False
61ac9b0dc6b9.png,True,True,0.1800286877961848,0.0720114699729167,2,2,True,True
61bbc11fe503.png,True,True,0.01909856184274883,0.00828023820694605,4,4,True,True
633fe9dbaf39.png,True,True,7.437259242960652e-05,2.9713376230331698e-05,0,0,False,False
6377e23928f6.png,True,True,0.11628873819517277,0.04753287341256422,2,2,True,True
63b4d030b016.png,True,True,0.0719114516683225,0.028764565300506507,2,2,True,True
63c7b0265775.png,True,True,0.000239973734391552,9.82897558285623e-05,0,0,False,False
6531070bf03c.png,True,True,0.17802674309516,0.0712107023122486,2,2,True,True
65c958379680.png,False,True,0.19806707589325606,0.07922682774009497,4,2,True,True
6653ad026901.png,True,True,3.122061395344211e-05,1.2519548479103887e-05,0,0,False,False
668e853258cd.png,True,True,0.0012133189856417918,0.00048533059777198866,2,2,True,True
66b88a4bc474.png,True,True,0.005723109367979373,0.00228923767267659,0,0,False,False
6733544ae7a6.png,True,True,0.010532252871409555,0.004486622098269767,2,2,True,True
67d8f94f04e0.png,True,True,0.017883385425330522,0.0071533595852636455,0,0,False,False
67ed8cc78b97.png,True,True,0.007743066369538587,0.0030972153235594335,0,0,False,False
6810410187a0.png,True,True,0.06215013323587798,0.024860062398029355,2,2,True,True
687759336b0d.png,True,True,0.03867331791352058,0.015469338771015367,2,2,True,True
69c4cbb630de.png,True,True,0.003923951490479749,0.0015695803359854366,0,0,False,False
69df7ade0575.png,True,True,0.024343605384296585,0.009923933105858743,2,2,True,True
69f43381317b.png,True,True,0.017897184707477254,0.007158884073697124,0,0,False,False
69fff98cb32a.png,True,True,0.025410441664227457,0.010164184407309864,4,4,True,True
6a57a3db3eff.png,True,True,1.1903968351156813e-05,4.7522770250637665e-06,0,0,False,False
6b7cf869622a.png,True,True,0.06445625349421635,0.026275262308908233,2,2,True,True
6b869f37cdf3.png,True,True,0.13100735872916736,0.05240292640189771,2,2,True,True
6b91e99c9408.png,True,True,0.005951518898331787,0.0023805866589625417,0,0,False,False
6c3745a222da.png,True,True,0.00017821585990507316,7.279426525888123e-05,4,4,True,True
6c6efb6b1358.png,False,False,0.12708382035068028,0.05083353075961685,1,2,False,True
6c9c902a97de.png,True,True,0.00010861004705264854,4.342360721340032e-05,0,0,False,False
6cb98da77e3e.png,True,True,0.15799943073304223,0.06462054540107039,2,2,True,True
6cd606dc52e9.png,False,False,0.16836387827377025,0.06734554094272369,1,2,False,True
6cfb7b44ef6f.png,True,True,0.0817438335843921,0.04630377076063387,4,4,True,True
6d454444f17c.png,True,True,0.045012251243735535,0.020344027783523837,2,2,True,True
6d4f6c9a8406.png,True,True,2.044131638134772e-05,8.184908364745598e-06,0,0,False,False
6d9effbcde78.png,True,True,0.0016403344357607264,0.0006561155291129929,0,0,False,False
6e68e742f5bc.png,True,True,0.18441757999820674,0.08625010604447544,2,2,True,True
6f3b62e5b7f5.png,True,True,0.00023207734658337031,9.285142009026959e-05,0,0,False,False
6f4e0538d1e4.png,True,True,0.01955482524707841,0.013770142093793288,2,2,True,True
6fe67fd7f5d1.png,True,True,2.403475834297905e-06,1.1954616877690067e-06,0,0,False,False
702de9dcde32.png,True,True,0.031285492148358574,0.012738820759987604,4,4,True,True
705f508d1e42.png,True,True,2.307599650730463e-05,9.258009770682337e-06,0,0,False,False
709784f7fcc2.png,True,True,0.08330560970715072,0.037213709823009776,2,2,True,True
7102f29e052e.png,True,True,0.09770776157500227,0.0390830948984076,4,4,True,True
7116128c65ab.png,True,False,0.35980504832602084,0.14868670631970074,1,1,False,True
711d1480d2e3.png,True,True,0.032090976367626034,0.012836395542722945,2,2,True,True
7179f85bfd6f.png,True,True,7.853771398691478e-05,3.1416245655277884e-05,0,0,False,False
72595230840c.png,True,True,0.03324877438801477,0.013299496994631444,3,3,True,True
735836b1ffa6.png,False,False,0.09693078112451545,0.04825724278726788,4,1,True,False
73881f55a3ec.png,True,True,0.1613369173343091,0.06453475030961567,1,1,False,False
73ba798fee25.png,True,True,2.2054143959837624e-05,8.82998891922875e-06,0,0,False,False
73e83a07a16d.png,True,True,0.013758613691133514,0.005503464781024108,2,2,True,True
74211a2b6dcf.png,True,True,0.0021221886452642558,0.000848891926508138,0,0,False,False
74eee788edee.png,True,True,0.13377886249091037,0.0535115415068149,2,2,True,True
7526cf435753.png,True,True,0.0016991736686641223,0.0006796611021152872,0,0,False,False
75369248dba0.png,True,True,3.3258542641693718e-06,1.5263283325645826e-06,0,0,False,False
75a071608ea6.png,True,True,4.191128930497445e-05,1.6748320167963362e-05,0,0,False,False
75a7bc945b7d.png,True,True,0.05320857204720719,0.021283423242588972,2,2,True,True
76cb010f7aa0.png,True,True,0.0049698790833526685,0.0019879211896430484,0,0,False,False
76f3473df8a6.png,True,True,0.0038738088012508776,0.0015495238590142798,0,0,False,False
76fe19ff64fb.png,True,True,0.15218433582455193,0.060873718124808,2,2,True,True
77a1f1398fdb.png,True,True,3.0344958997693885e-05,1.2198784978647051e-05,0,0,False,False
77a9538b8362.png,True,True,0.04472595804183599,0.01789040601085439,1,1,False,False
77e7c7a160c8.png,True,True,0.08294196342562626,0.03470673696821388,2,2,True,True
780be525036d.png,True,True,4.654535935024034e-06,1.8649005169288626e-06,0,0,False,False
7831ce1d895e.png,True,True,2.8393017622585504e-06,1.1272313903937656e-06,0,0,False,False
784d6d302f98.png,True,True,6.695656777888637e-05,2.6776948954261127e-05,0,0,False,False
7877be80901c.png,True,True,0.10080659653727275,0.04032264440438856,2,2,True,True
788ddb0b70b7.png,True,True,0.018473934116315288,0.007389923924472722,3,3,True,True
7a42443ed106.png,True,True,3.9354733943564035e-05,1.5743527757554463e-05,0,0,False,False
7a6e384a0846.png,True,True,0.049471087107687106,0.01978843934252706,2,2,True,True
7ad0c4975890.png,False,True,0.23835205238583512,0.0956890908601528,1,0,False,False
7b211d8bd249.png,True,True,0.012505926364797262,0.005788390892264329,4,4,True,True
7b29e3783919.png,True,True,0.04410843852098234,0.01764337434071439,3,3,True,True
7c3747c0b2c3.png,True,True,0.0187794405433096,0.007511795652861798,0,0,False,False
7c90ab025331.png,False,True,0.2037581873908802,0.13993627306529804,4,2,True,True
7d0a871c45db.png,True,True,3.754080973861207e-05,1.5016350270778368e-05,0,0,False,False
7d8f67cadc29.png,False,False,0.3648704894473551,0.15365207808232556,2,1,True,False
7ddcfcea7369.png,True,True,0.024052249792776648,0.009620888835827195,0,0,False,False
7f2cce721e19.png,True,True,4.534556848678761e-06,3.31762821703553e-06,0,0,False,False
7f43becd3e83.png,True,True,0.0002650688696640424,0.00010601628995825273,0,0,False,False
7fe7309d0b4f.png,True,True,5.5642292824953365e-05,2.2282401899176246e-05,0,0,False,False
807135cbc438.png,True,True,0.002393903248845669,0.0015072970714482068,2,2,True,True
80964d8e0863.png,True,True,0.2148556330045821,0.08599451798851035,2,2,True,True
80c67efc8101.png,True,True,4.087881516368075e-05,1.635716566022146e-05,0,0,False,False
81704925f759.png,True,True,0.012783094947967588,0.005113240462107642,0,0,False,False
8185ce1cdcef.png,True,True,2.49142129207236e-05,9.975390452786746e-06,0,0,False,False
821789e9053f.png,True,True,0.009046739182186125,0.0036186763479309674,0,0,False,False
82910bba4753.png,True,True,0.021506328028785326,0.008824134516545554,3,3,True,True
82ac8463fadd.png,True,True,5.3500837942976887e-05,2.1384121433278283e-05,0,0,False,False
82bb8a01935f.png,True,True,0.0880479903427704,0.035247792001234374,2,2,True,True
82d364726a58.png,True,True,1.5936355249719213e-05,6.568434007253175e-06,0,0,False,False
82e5bc01f8a4.png,True,True,4.6970412737157297e-05,1.8780676679314226e-05,0,0,False,False
82f2784ead76.png,True,True,0.2051128695761475,0.08347441613391553,2,2,True,True
830e297965a1.png,True,True,0.006802571965287552,0.002721030484687312,0,0,False,False
83517eaeccb9.png,True,True,2.8523029129368105e-05,1.1419990982925003e-05,0,0,False,False
838c87c63422.png,True,True,0.00323234894019242,0.0012929424350621773,4,4,True,True
840a06a9c690.png,True,True,2.7585123632101194e-05,1.1038117440760999e-05,0,0,False,False
8446826853d0.png,True,True,0.28734971952970945,0.11493989430785871,2,2,True,True
84a72e15b23c.png,True,True,0.016447248348532395,0.01190118643789639,2,2,True,True
84b472c49cfa.png,True,True,6.0036819342967895e-05,2.4014562300074454e-05,0,0,False,False
84b4da14bc23.png,True,True,5.971716009745074e-05,2.3888114958008626e-05,0,0,False,False
84c663f39632.png,True,True,0.12431946975700814,0.051967779284354754,4,4,True,True
8676427e4625.png,True,True,0.013865262270640444,0.00554611674041845,1,1,False,False
869bbd3170cc.png,True,True,0.007930501004367761,0.0031721817957251187,2,2,True,True
876deb29f000.png,True,True,0.01717722616132955,0.006870897890737898,0,0,False,False
879744b9dc65.png,True,True,0.02285574359073128,0.009842546198916505,2,2,True,True
8860c7b11530.png,True,True,0.2690302081134013,0.10761208976461856,2,2,True,True
887c26fc0e1f.png,True,True,0.17690506196379147,0.07076203722740408,4,4,True,True
894a37fc3738.png,True,True,0.002541531645107953,0.0010166025897549132,0,0,False,False
895fe2bfc5b6.png,True,True,0.020769085444331647,0.008307650407847512,0,0,False,False
89ed6a0dd53f.png,True,True,0.022327567817964522,0.008931026428693863,2,2,True,True
89ee1fa16f90.png,False,False,0.15856788589300674,0.06342715293693578,1,2,False,True
8a25a080f28f.png,False,True,0.3924546643319936,0.15766887708766297,2,3,True,True
8a67f1efa315.png,True,True,0.04764457083299456,0.01907524044633115,2,2,True,True
8a9bef2fbd4e.png,True,True,0.05350902112698164,0.021403620153442857,3,3,True,True
8acffaf1f4b9.png,True,True,0.06163171118356864,0.026184084874174778,2,2,True,True
8bed09514c3b.png,True,True,0.030215590108727514,0.012086219279684634,1,1,False,False
8c84e96d9b01.png,True,True,0.0005308315205783121,0.00021233457565028387,0,0,False,False
8d4d14a4ab07.png,True,True,4.079652095356767e-05,2.0336325434348303e-05,0,0,False,False
8d4ff745a409.png,True,True,6.210889555424703e-05,2.484202481362501e-05,0,0,False,False
8d62ba9cb22a.png,True,True,0.011853863151951582,0.0047415622108515085,2,2,True,True
8d7bb0649a02.png,True,True,0.124954352335448,0.051267899555757765,4,4,True,True
8d9516ea3587.png,True,True,7.303556820992263e-06,2.939950044935689e-06,0,0,False,False
8dafa62f9322.png,True,True,5.231225691137986e-05,2.0928573257811555e-05,0,0,False,False
8e67f2d7e0ee.png,True,True,4.522294718722897e-05,1.8079629362407053e-05,0,0,False,False
8f318a978844.png,True,True,0.04836270845724311,0.023091861703363963,3,3,True,True
8fbb2ca39911.png,True,True,5.9061259588554004e-05,2.8878548591036588e-05,0,0,False,False
8fc09fecd22f.png,True,True,0.03051028686382229,0.012204128358845585,1,1,False,False
8fd7ad26e691.png,True,True,0.02527213666962591,0.01010885672376317,2,2,True,True
8ff863f8874f.png,True,True,0.012334011426132163,0.004933598004628706,1,1,False,False
902dc5a91a3f.png,True,True,7.168240990007568e-06,2.972121266039796e-06,0,0,False,False
90a786abe58e.png,True,True,1.5323553179347194e-05,6.126346270210397e-06,0,0,False,False
91cbe1c775ef.png,True,True,0.02548000640292422,0.0102400984787144,2,2,True,True
91e8af9ceee9.png,True,True,0.10539444406545251,0.04215778745163416,2,2,True,True
921433215353.png,True,True,0.021424949539873506,0.008569978771849462,2,2,True,True
92889b863ae6.png,True,True,8.342506339087397e-05,3.3342763161665204e-05,0,0,False,False
92d8a7c8e718.png,True,True,0.024837191228361033,0.00993488188064617,2,2,True,True
92d9e9f08709.png,False,True,0.2975277671022887,0.12401985017063968,2,3,True,True
94b9ccc73bb9.png,True,True,0.0015520452381885264,0.0006208164809223184,0,0,False,False
9519a590985d.png,True,True,6.961226173785029e-05,2.7862679132014658e-05,0,0,False,False
958c1fa044ba.png,True,True,2.6894510202879474e-05,1.0746750810129626e-05,0,0,False,False
959bb2d01091.png,True,True,0.0016689660513612425,0.0006675794226194363,0,0,False,False
959dc602febc.png,True,True,0.059083731175074164,0.02363346860338804,2,2,True,True
96793edb1003.png,True,True,0.020166023853448567,0.008066419855776937,0,0,False,False
9688c6ef5dc5.png,True,True,4.7926615366900016e-05,1.9190144985597164e-05,0,0,False,False
96ce10a1dbd7.png,True,True,0.00012028188673907092,4.812111040529151e-05,0,0,False,False
973b0facfa9b.png,True,True,4.377186138126987e-05,1.754557253955629e-05,0,0,False,False
97bf61736b86.png,True,True,0.10072757752703265,0.0402910360515965,2,2,True,True
98441214557f.png,True,True,0.00014272492051403685,5.711134769755601e-05,0,0,False,False
991a0b7a8c87.png,True,True,0.002311812291818316,0.0009247504883532094,0,0,False,False
99240ee00485.png,True,True,5.414350651156141e-06,2.205340474489629e-06,0,0,False,False
99c626e58464.png,True,True,0.013698719085808109,0.00547950642084578,0,0,False,False
9a56cfb980ec.png,True,True,0.010754966691525647,0.00430197341981549,0,0,False,False
9ac41b9a809e.png,True,True,5.0723057035906294e-05,2.0298636084538876e-05,0,0,False,False
9ad92f1c1542.png,True,True,0.035905032444537605,0.014362012931248896,1,1,False,False
9ae54843c69a.png,True,True,0.0005265698120598961,0.0002106453409199063,0,0,False,False
9b32e8ef0ca0.png,True,True,0.021475151541269444,0.00884133479766536,2,2,True,True
9ba469af2980.png,True,True,0.00043874517109399047,0.00017548095829569144,0,0,False,False
9c088d2d1559.png,True,True,0.005232829232968833,0.0022295988080643214,2,2,True,True
9c6512166557.png,True,True,0.0043678187677300695,0.0017471361833077056,0,0,False,False
9d62478042b6.png,True,True,0.0006185437729379073,0.0002474000206834488,0,0,False,False
9d74428188bb.png,True,True,0.006399064527540764,0.002559614425234064,2,2,True,True
9e5737f771c3.png,True,True,0.012656964039206908,0.005062797564987964,0,0,False,False
9e5ec293267c.png,True,True,0.07170267319173684,0.03064276143217648,2,2,True,True
9ed666e982cd.png,False,False,0.17824490593453995,0.07129796554031273,1,2,False,True
9f1b14dfa14c.png,True,True,0.002264843237556713,0.0009059223201469763,0,0,False,False
9f4132bd6ed6.png,True,True,0.03399037405804417,0.013640602487786969,2,2,True,True
9f436886e056.png,True,True,0.004220930647849452,0.0016964712078615617,2,2,True,True
9faad91b6578.png,True,True,0.035555053126157796,0.014575257507313168,2,2,True,True
a04fb36db784.png,True,True,0.05357781287762642,0.021431106179718724,2,2,True,True
a06e5ac695ce.png,True,True,0.021747633953559053,0.008699060068485524,0,0,False,False
a11c62cb3f86.png,True,True,1.8153794191344552e-05,8.93403885059882e-06,0,0,False,False
a150ff5dfe07.png,False,True,0.09609553376025315,0.03855299958204568,2,3,True,True
a1b28bcbce00.png,True,True,0.0046538799869048075,0.0018615604028585635,0,0,False,False
a21b37719f9b.png,True,True,0.08275055367290374,0.03684756587360827,2,2,True,True
a28bfb772f50.png,True,True,0.10454583348053192,0.05100879393147412,2,2,True,True
a2d349f567a6.png,True,True,0.045460055077888195,0.01818400005194256,0,0,False,False
a3132c8828e4.png,True,True,0.007581840681401775,0.003032740265424342,0,0,False,False
a34fc5376669.png,True,True,4.0466496496360804e-05,1.6184229910547133e-05,0,0,False,False
a386ec9aabde.png,True,True,0.05078846638198764,0.020315396349144404,2,2,True,True
a3957df90a78.png,True,True,0.060663751512193,0.0311111185233161,2,2,True,True
a3b2e93d058b.png,True,True,0.25863735265481724,0.10345491439063095,2,2,True,True
a4012932e18d.png,True,True,0.0021920497848273435,0.0008768014155363211,0,0,False,False
a4359815f152.png,True,True,0.0055422326572411446,0.0022361335942898846,2,2,True,True
a45c30da0c72.png,True,True,3.7923108954070845e-05,1.5666390914340126e-05,0,0,False,False
a45d77edf8d9.png,True,True,0.06398002706008962,0.025837825923544666,2,2,True,True
a484bdf85b4c.png,True,True,2.4350006422535486e-05,9.754957117602139e-06,0,0,False,False
a49b0b4484ea.png,True,True,0.017103706156762377,0.008564342956783483,2,2,True,True
a4d41c495666.png,True,True,0.0043853132073486956,0.0017541455430253293,2,2,True,True
a505981d1cab.png,True,True,0.0875922588427035,0.03503691494851143,2,2,True,True
a56230242a95.png,True,True,0.10047409651363803,0.04026743714683919,2,2,True,True
a5c9a8c726b2.png,True,True,0.04498876108100436,0.017995493442795395,4,4,True,True
a61723fc38c2.png,True,True,2.4577295781313957e-05,9.850329476041578e-06,0,0,False,False
a627eb8c08c5.png,True,True,0.003099958264151881,0.0012399845251113053,0,0,False,False
a62ea0043aa7.png,True,True,0.13140557686884835,0.0525622337743377,2,2,True,True
a688f20f8895.png,False,False,0.25325927160308687,0.11111282297846596,2,1,True,False
a6b6d27c1b32.png,True,True,0.0406257059531967,0.016250266848928153,0,0,False,False
a76132e79688.png,True,True,6.321987159996212e-06,2.5026664454159346e-06,0,0,False,False
a77dbec966d4.png,True,True,0.030078943893337207,0.012243513990520923,1,1,False,False
a790a3b36390.png,True,True,0.1036139298692193,0.04144557548671348,2,2,True,True
a804cef3e51f.png,True,True,0.16742801178441324,0.06697118826428032,2,2,True,True
a81b06f50612.png,True,True,0.013111371836830532,0.008347431004834299,4,4,True,True
a821b6ecef33.png,True,True,0.0011505299999116092,0.0004602127591198832,0,0,False,False
a8263d248523.png,True,True,0.061158533364885914,0.02600286284713706,2,2,True,True
a82a12ad3fb1.png,True,True,0.0006594232297647551,0.0002637843196687285,0,0,False,False
a8854768549f.png,True,True,0.009441071054397954,0.003776439568526238,0,0,False,False
a8b637abd96b.png,True,True,0.003596966488181509,0.0014388094628798222,0,0,False,False
a8e08e7fe016.png,True,True,0.053802327955531415,0.0215209362080803,2,2,True,True
a9b3177f01c0.png,True,True,0.007827870611483378,0.0031311275026571646,0,0,False,False
a9d0c900b6a9.png,True,True,0.013346422520952847,0.005405990789584272,2,2,True,True
aa94cc4bfd84.png,True,True,8.297117147448851e-05,3.3182865738661026e-05,0,0,False,False
aafb0c944f14.png,True,True,1.950418122564912e-06,8.782526345775577e-07,0,0,False,False
aafe980edd0c.png,True,True,1.416712681889809e-05,5.904949935116556e-06,0,0,False,False
ab32db41c409.png,True,True,0.00017570369229824578,7.035052976288059e-05,0,0,False,False
aba3063c5413.png,True,True,0.011889885449837934,0.007476003181255689,2,2,True,True
abbb8791785e.png,True,True,0.0001424680740755857,5.698599708301303e-05,0,0,False,False
ac720570dd0f.png,True,True,0.018290915792917306,0.007316353272830084,2,2,True,True
acc9f29538c4.png,True,True,0.0731468575121169,0.03223320280478144,2,2,True,True
ad312ca98202.png,True,True,1.6261218124258292e-05,6.50174857927645e-06,0,0,False,False
ae49cc60f251.png,True,True,2.5784226104885732e-05,1.0312839154981365e-05,0,0,False,False
ae5d31979f19.png,True,True,0.015956705723569484,0.0063827022197308885,0,0,False,False
aebe87a423c8.png,True,True,0.0029729697144651457,0.0011891917769682233,0,0,False,False
aef9016557ca.png,True,True,0.0032726741794238956,0.0013090717970767908,2,2,True,True
af133a85ea0c.png,True,True,0.15231342297087735,0.061775469810989414,0,0,False,False
b019a49787c1.png,True,True,0.4183545672861795,0.16734182882368306,3,3,True,True
b033ab4fb723.png,True,True,0.2652912138176706,0.10611649466567101,2,2,True,True
b086c7cd3868.png,True,True,9.992452133533725e-05,3.9967667219835296e-05,0,0,False,False
b0b3b16fc305.png,True,True,6.808688521175315e-06,2.722207754719033e-06,0,0,False,False
b1197f2cc9b3.png,True,True,0.19566487052548698,0.07835976125119871,2,2,True,True
b1c6f0997e27.png,True,True,0.0002250089134084865,8.999347451964666e-05,0,0,False,False
b1f4122fd36a.png,False,True,0.13724787809124278,0.05574635008816148,2,4,True,True
b21abe5d9722.png,True,True,0.00875398090065993,0.0035015725061765188,0,0,False,False
b2b7ccd34cbd.png,True,True,6.541827482653417e-05,2.615437491513469e-05,0,0,False,False
b35cad8fe2d7.png,False,True,0.04236042844904353,0.01694418675226068,1,0,False,False
b37aae3c8fe1.png,True,True,0.07820928704633545,0.0312836968440085,2,2,True,True
b3819a805dca.png,True,True,0.00894335887676434,0.004104503153817796,4,4,True,True
b3a994760537.png,True,True,1.4918757253123971e-05,5.970787268539742e-06,0,0,False,False
b402daa0864c.png,True,True,0.13185405815164575,0.0527416321562441,2,2,True,True
b5204c0decc7.png,True,True,6.535881529978749e-05,2.6129715624725002e-05,0,0,False,False
b549af91bd30.png,True,True,3.9549050818710185e-06,1.5789934420548477e-06,0,0,False,False
b553e7909535.png,True,True,4.926893840873081e-05,1.972678170882318e-05,0,0,False,False
b55d2ddb3e75.png,True,True,0.09722125608507526,0.0391751869741314,3,3,True,True
b67ae80f7eba.png,True,True,0.00040869380323604876,0.00016346816086590664,0,0,False,False
b72f59b85f7c.png,True,True,0.013889083581265393,0.005555627108243812,0,0,False,False
b7ce561a7328.png,True,True,2.2029899313324997e-05,8.825869901120897e-06,0,0,False,False
b82d5f1f1145.png,True,True,0.1381630780066353,0.061035450716491545,2,2,True,True
b82dfa63a75f.png,True,True,0.01167329552573293,0.00466932714444151,0,0,False,False
b86fb2d5be1a.png,True,True,2.5324559628669974e-05,1.0132767522039462e-05,0,0,False,False
b8ac328009e0.png,True,True,0.10593524874843863,0.04320577539838663,2,2,True,True
b8e9a8f4617d.png,True,True,1.897219425317509e-05,7.577856444478448e-06,0,0,False,False
b8fb9f55cd6d.png,True,True,0.05878784732654263,0.023515142794150522,2,2,True,True
b9127e38d9b9.png,False,True,0.20990057700449494,0.08480508802407127,4,3,True,True
b99794a0beed.png,True,True,0.09562358696606488,0.03965413418282772,2,2,True,True
b9d0b83d70c3.png,True,True,0.0035037137149029896,0.0014014843677374407,0,0,False,False
ba2624883599.png,True,True,0.06374290241650948,0.02549717193874782,2,2,True,True
bb7e0a2544cd.png,True,True,0.2325387810092454,0.09301550171462293,4,4,True,True
bc7bf19b84e3.png,True,True,2.3587540048164435e-05,9.421863088753787e-06,0,0,False,False
bd375ba756b1.png,True,True,0.03644100951765594,0.014576412032532468,0,0,False,False
bdb98063fe84.png,False,True,0.03245453609149512,0.013147368626500627,2,4,True,True
bdf47b9f10c4.png,True,True,0.00011014387266372605,4.4085928938118006e-05,0,0,False,False
be7f791a7877.png,True,True,0.012217739836405839,0.004887109952058455,0,0,False,False
bfa30ebf63a8.png,True,True,5.16737234169673e-05,2.068491257792708e-05,0,0,False,False
bfd5c0e55420.png,True,True,0.10080452664733247,0.04223607763584379,2,2,True,True
c06024f05a16.png,True,True,1.988663294660853e-05,7.961812539063496e-06,0,0,False,False
c0968d41eb93.png,True,True,0.023223295569813174,0.009289313408330935,1,1,False,False
c0a0828e01b4.png,True,True,0.14678697072927083,0.05871478187786644,2,2,True,True
c1799a6f5c65.png,True,True,0.05781294955421368,0.023125170578308922,2,2,True,True
c1ebe785503a.png,True,True,0.1661255354346557,0.06645021242763247,1,1,False,False
c24bcf7a1bc4.png,True,True,4.521098651677491e-06,2.153059413178264e-06,0,0,False,False
c252da9b41d8.png,True,True,0.09455889283411145,0.037823568623836845,2,2,True,True
c2f3281cf528.png,True,True,4.1667287143498655e-05,1.6680389567118947e-05,0,0,False,False
c365c598ad4e.png,True,True,4.3457304052809894e-06,2.083107858510462e-06,0,0,False,False
c3789c1dab96.png,True,True,0.01853595837362687,0.007414388328752316,0,0,False,False
c38dec54a9f7.png,True,True,4.7673426348593395e-05,1.9068719341280475e-05,0,0,False,False
c3e02d4a1798.png,True,True,0.04305112767898134,0.017220450067510364,2,2,True,True
c4e8b1ec8893.png,True,False,0.030818151814004935,0.013235603880044841,0,0,False,True
c58e5c0c5b33.png,True,True,6.25998582628462e-05,2.504509941245903e-05,0,0,False,False
c639d837f5e4.png,True,True,0.014401369651907414,0.0057605200578737525,0,0,False,False
c704bd669f36.png,True,True,8.574359838464662e-05,3.4308775295850005e-05,0,0,False,False
c739ff9580d3.png,False,True,0.06603123018058266,0.026472245904951876,1,2,True,True
c755a0c4edcc.png,True,True,0.004091361502225888,0.001636526617997351,0,0,False,False
c76664770c07.png,True,True,0.024141332555587258,0.01018686920328877,2,2,True,True
c7c3d363bc86.png,True,True,0.00015366293682916865,6.146802181385545e-05,0,0,False,False
c7e827fc7f41.png,True,True,0.028136263223620228,0.012586108975190547,2,2,True,True
c80b0f27541a.png,True,True,0.011641072847546341,0.004656418277469021,0,0,False,False
c87493ed320c.png,True,True,0.16938688300648574,0.06775476554261842,2,2,True,True
c8a3eb9a5b52.png,True,True,0.10376254980350934,0.046561242631518104,2,2,True,True
c9485c38fdd5.png,True,True,0.008556914044762595,0.0034278647286802785,2,2,True,True
c96f743915b5.png,True,True,0.04743460832288357,0.020167030551135633,2,2,True,True
c9c563864ab1.png,True,True,0.009466383203886486,0.003786560127503137,0,0,False,False
c9d42d7534e0.png,True,True,0.04137840540280785,0.016551371788670253,2,2,True,True
c9e697117f3f.png,True,True,7.264171647003437e-05,2.9030639387347604e-05,0,0,False,False
c9f0dc2c8b43.png,True,True,0.1553568284134676,0.0625778590870463,4,4,True,True
ca05f7e7801b.png,True,True,0.00014746873658433302,5.89869300194622e-05,0,0,False,False
ca2b54b95ade.png,True,True,4.9362782699624574e-05,1.9739963157096154e-05,0,0,False,False
ca63fe4f4b52.png,True,True,0.1441731306547025,0.059013410708901023,1,1,False,False
ca7140ecf389.png,True,True,0.059984967962289484,0.026833128422138235,2,2,True,True
cac40227d3b2.png,True,True,0.05176299384295624,0.020705174914775117,2,2,True,True
cadde4030858.png,True,True,1.2007904667932223e-05,4.784709129147977e-06,0,0,False,False
cae51154e1ce.png,True,True,0.036998422011809695,0.015241525109343845,2,2,True,True
cb02bb47fdc5.png,True,True,0.16953068964699292,0.06781225532313438,0,0,False,False
cc3d2e961768.png,True,True,0.062215531458497245,0.026517876089351994,3,3,True,True
cc9270f06b65.png,True,True,0.0011290083758852543,0.000451631809898484,1,1,False,False
ccea49708830.png,True,True,0.007135772306248955,0.002854292456279916,0,0,False,False
cd314653a4d8.png,True,True,0.003239489901551096,0.0012958259754008057,0,0,False,False
cd54d022e37d.png,True,True,0.12985636831104586,0.051942550135120745,2,2,True,True
cd5714db652d.png,True,True,0.03353958795941328,0.01359179019279523,1,1,False,False
cd8da43e3069.png,True,True,3.2771100819561916e-05,1.3117048513310361e-05,0,0,False,False
ce754234d760.png,True,True,8.098924836108523e-06,3.292974558260829e-06,0,0,False,False
ce8d2efd9d4f.png,True,True,5.833816496847444e-05,2.3335187407056737e-05,0,0,False,False
ceaa5803d780.png,True,True,0.12020212910407063,0.048080848748707494,4,4,True,True
ceb32a193eff.png,True,True,7.068316920832984e-05,2.8281747084312276e-05,0,0,False,False
cf8f1bc7a215.png,True,True,0.041580381787893805,0.01663217677820455,0,0,False,False
cfd1bd0fcbb4.png,True,True,0.019976793471381593,0.007990733296706394,0,0,False,False
cfdbaef73a8b.png,True,True,0.00018575866835734978,7.432277423289475e-05,0,0,False,False
d06ccd0cf4b8.png,True,True,0.01699722796539349,0.006798893770577502,0,0,False,False
d160ebef4117.png,True,True,0.00031012669123420267,0.00012404709390311845,0,0,False,False
d18aea8238a0.png,True,True,0.05224671625831906,0.021268697599845312,4,4,True,True
d1a24527a15d.png,True,True,0.08844698986366034,0.05101147603376299,1,1,False,False
d1cf31577a59.png,True,True,9.779232621809353e-05,3.909894650277659e-05,0,0,False,False
d1f1ea894da1.png,True,True,0.14145927461202257,0.056583698540881286,2,2,True,True
d26bb2ed6e71.png,True,True,0.022552173256343844,0.009020857949497058,0,0,False,False
d28bd830c171.png,True,True,0.10354310730543226,0.04717433483199568,2,2,True,True
d364423ec6f9.png,True,True,0.012196134158886578,0.006546952619475544,2,2,True,True
d436c06f0490.png,True,True,7.124492485683764e-05,2.8511568343722008e-05,0,0,False,False
d4583e9525dc.png,True,True,0.07553009609008354,0.030212023121597858,0,0,False,False
d48178e4a49b.png,True,False,0.08872029542828697,0.04508735153646454,2,2,False,True
d51b3fe0fa1b.png,True,True,0.18807433729296885,0.07522974563701222,4,4,True,True
d51c2153d151.png,True,True,0.001726609068362528,0.000690631432112456,0,0,False,False
d56d32a1d62d.png,True,True,0.024162186002854913,0.009664858356200207,0,0,False,False
d57d1be1bbd1.png,True,True,0.0008139771072792623,0.0003255907001210094,0,0,False,False
d6f36ec5564a.png,True,True,0.03294763991923888,0.013179037332512925,0,0,False,False
d6f6bdfd8011.png,True,True,5.4291973749398537e-05,2.1723561961145158e-05,0,0,False,False
d774692d9919.png,True,True,2.4362692960799848e-06,1.3523021826753464e-06,0,0,False,False
d78b7401096f.png,True,True,0.0008157886077913012,0.000326321820493326,0,0,False,False
d801c0a66738.png,True,True,0.14095163880827666,0.05638063950456238,1,1,False,False
d807c53c1399.png,True,True,2.1393625370014213e-05,8.563114117171876e-06,0,0,False,False
d838d5b9f571.png,True,True,9.402979979766801e-05,3.89950396023467e-05,0,0,False,False
d83c3efade75.png,True,True,0.10832815765634396,0.043331251164891685,2,2,True,True
d8404680bba6.png,True,True,0.07355090293758781,0.029571471673706627,4,4,True,True
d881c04f01fe.png,True,True,5.708070574972357e-05,2.2830328887152274e-05,0,0,False,False
d8da9de62743.png,True,True,0.00022692927571310584,9.076785766570174e-05,0,0,False,False
d94e10f42861.png,True,True,0.11416436477538516,0.04741967317346324,2,2,True,True
d994203deb64.png,True,True,0.0875922588427035,0.03503691494851143,2,2,True,True
d99b0f7dd9b9.png,True,True,3.243242838912863e-05,1.2983442913823567e-05,0,0,False,False
d9ad2a0ec026.png,True,True,8.487746451841312e-06,4.438665409949692e-06,0,0,False,False
d9c9b9786da3.png,True,True,2.1363672771723685e-05,8.671856833178953e-06,0,0,False,False
da3a2275c850.png,True,True,2.728355086589751e-05,1.0907188488643304e-05,0,0,False,False
da6389d129aa.png,True,True,0.2863720442143697,0.11454881926899625,2,2,True,True
da949aa67a4f.png,True,True,0.016717182354774818,0.006686884229102974,0,0,False,False
da9574d35b82.png,True,True,0.00018524438477429683,7.410054951450746e-05,0,0,False,False
da9fe02dead3.png,True,True,0.00013433976263221847,5.3759104625672504e-05,0,0,False,False
db690e2d02f8.png,True,True,0.0009951651619846125,0.0003980631223965584,0,0,False,False
dbfd238b3468.png,True,True,0.007042038585798882,0.0028168192791174665,3,3,True,True
dcc6c0ad5cad.png,True,True,5.1981584316962426e-05,2.079050387204571e-05,0,0,False,False
de18071c36e6.png,True,True,0.006173794710696789,0.0024695239122277156,0,0,False,False
df8365d6ac33.png,True,True,0.026033344580614237,0.010413348593932724,2,2,True,True
e01b7bac822b.png,True,True,4.714402239258675e-06,2.5755747206248085e-06,0,0,False,False
e03a74e7d74f.png,True,True,0.003661244661108176,0.001464500624350448,0,0,False,False
e06d3d4733f0.png,True,True,0.03913018725274675,0.015652063515680232,2,2,True,True
e12f9f19d1be.png,True,True,0.001313080254663701,0.0005252266965110763,0,0,False,False
e150935f66a6.png,True,True,0.0024267155299746435,0.0009706939419672234,0,0,False,False
e160a3b19911.png,True,True,0.0047527419622415135,0.0019011060339120325,0,0,False,False
e17507a4a1f5.png,True,True,0.04931947387980162,0.019727786652451534,2,2,True,True
e19936582c61.png,True,True,0.06614239290765123,0.026724472794470204,2,2,True,True
e1ab92228e60.png,True,True,0.042372741823231544,0.02000961975641356,1,1,False,False
e1b8acb1cea1.png,True,True,6.510544740767621e-05,2.6038298694865537e-05,0,0,False,False
e1dc02a3dc2a.png,True,True,5.644964883344539e-05,2.2569187886362515e-05,0,0,False,False
e1fb532f55df.png,False,True,0.4268862367577664,0.17075449384163316,4,3,True,True
e2265c383348.png,True,True,0.007272979550176473,0.002909220531908824,0,0,False,False
e265c870f9b3.png,True,True,0.024298090729633397,0.0105946150218286,2,2,True,True
e26bcae6c67b.png,True,True,1.2370163839259263e-05,4.9637031147968866e-06,0,0,False,False
e26d8718ca58.png,True,True,0.03031717726855221,0.012126862106422566,0,0,False,False
e2c39ed0c941.png,True,True,1.5567857814938895e-05,6.83757712519908e-06,0,0,False,False
e32a359be36d.png,True,True,0.028510612192153645,0.011404244772451477,4,4,True,True
e34fa07bd64d.png,False,True,0.27193325513532807,0.10877330318335984,4,3,True,True
e3ab63dc9a60.png,False,True,0.10490838902298072,0.06016194034470239,2,4,True,True
e3cd96cb094c.png,True,True,0.08435006290464486,0.03374000434388802,0,0,False,False
e42d9a94a66d.png,True,True,8.575657386433733e-05,3.430984147492305e-05,0,0,False,False
e4730ddde408.png,False,True,0.0890588828667766,0.03562356008215345,3,2,True,True
e4ae1ee6aada.png,True,True,6.10584830285088e-05,2.442662737458948e-05,0,0,False,False
e599151ca14b.png,True,True,0.005786249472322763,0.003431478977508452,3,3,True,True
e5f73f2855c0.png,True,True,1.8437303835883156e-06,8.322822645343767e-07,0,0,False,False
e65a2ff90494.png,True,True,0.028150874311549834,0.011260347596402313,2,2,True,True
e68746d426b2.png,True,True,0.001273635417088359,0.0005094586244508198,0,0,False,False
e6a6acf7fca1.png,True,True,0.1508663854268809,0.062107114232114846,2,2,True,True
e76a9cbb2a8c.png,True,True,0.2325387810092454,0.09301550171462293,4,4,True,True
e893e86dde94.png,True,True,2.8971712822123408e-06,1.1728574054044807e-06,0,0,False,False
e907d23cce3d.png,True,True,0.020203441223491936,0.008081362694181159,0,0,False,False
e9678824215d.png,True,True,4.319789260754921e-05,1.8416707405433047e-05,0,0,False,False
ea1d045f9fea.png,True,True,0.18172318578724103,0.10098422370719176,2,2,True,True
ea588d1e5d96.png,True,True,0.1918555128286178,0.0767422060627697,2,2,True,True
ea68b58a6e8f.png,True,True,0.00011243468831745318,4.496283824498184e-05,0,0,False,False
ea6a53e54d0f.png,True,True,0.00016011474163712958,6.407748031357596e-05,0,0,False,False
eaa0dfbd5024.png,True,True,0.100315919624551,0.040126375521590096,0,0,False,False
eae901557a84.png,True,True,0.03155330692827241,0.012621328225366787,2,2,True,True
eba3acc42197.png,False,False,0.3255216276265187,0.1540232622663453,2,1,True,False
ebf4b22240f4.png,True,True,2.1140169860101032e-05,8.447955251361096e-06,0,0,False,False
ec01f0862669.png,True,True,3.2124625941136182e-06,1.2816727489394057e-06,0,0,False,False
ec363f48867b.png,True,True,8.582394893557341e-06,3.422179353824921e-06,0,0,False,False
ec6659926105.png,True,True,3.092313846153605e-05,1.2355103647042725e-05,0,0,False,False
ecad6845f630.png,True,True,2.2410889352841856e-05,8.950781350823361e-06,0,0,False,False
ed648b9bcd95.png,True,True,0.00028777934856316634,0.00011512171753712437,0,0,False,False
eda29a9d78f3.png,True,True,6.943857305785617e-05,2.777825302222883e-05,0,0,False,False
ee02294cc3d9.png,False,True,0.29938961197672587,0.12170010147221569,3,2,True,True
ee1ec90b980f.png,False,True,0.04901836255847736,0.03331492758508407,2,4,True,True
ee2c2a5f7d0e.png,True,True,0.10080659653727275,0.04032264440438856,2,2,True,True
ee6e39319b39.png,True,True,0.11100529536165782,0.04729324621854687,2,2,True,True
eed4afc8ec83.png,True,True,0.000337410730767429,0.00013978442412244967,0,0,False,False
ef4121e9bb67.png,True,True,2.1713025503476257e-06,8.596880985312663e-07,0,0,False,False
ef7eb85b75fc.png,True,True,1.3253335278684553e-05,5.412703878371839e-06,0,0,False,False
ef8109305128.png,False,True,0.051060009930022465,0.022266403149305208,1,2,True,True
ef8c39eb9157.png,True,True,0.04273086311091623,0.017092347133205114,0,0,False,False
efff2f1a35f5.png,True,True,0.02111655703321136,0.00959556362081948,2,2,True,True
f02956bd7c50.png,True,True,0.026017872658931185,0.010407148328700737,0,0,False,False
f03d3c4ce7fb.png,True,True,0.07123190351640463,0.028492772042920462,2,2,True,True
f066db7a2efe.png,True,True,0.036848243240200834,0.014739296300729307,1,1,False,False
f080a22008be.png,True,True,0.031247491560380092,0.013375266541250744,2,2,True,True
f0860c21533b.png,True,True,1.84685222843121e-05,7.536955480010249e-06,0,0,False,False
f092febbf5c0.png,True,True,0.05036300946592798,0.024515770431284462,2,2,True,True
f0a2dc580009.png,True,True,0.0017314394913433562,0.0006925643412697266,0,0,False,False
f1979147aad4.png,True,True,4.9339943853587975e-05,1.9752338077849963e-05,0,0,False,False
f2094a20b275.png,True,True,0.4420207165988505,0.17832144410867395,2,2,True,True
f233638e0e90.png,True,True,0.00032148460789771516,0.00012858953433696017,0,0,False,False
f252046c0fe6.png,True,True,2.0275362881405634e-05,8.110701126702683e-06,0,0,False,False
f2ee81781411.png,True,True,0.07048227222567616,0.028192910589934145,2,2,True,True
f35d80bb1a22.png,True,True,6.0465066617720886e-05,2.4180626431324828e-05,0,0,False,False
f361060eda3e.png,True,True,0.00022573391373903462,9.030857288575304e-05,0,0,False,False
f3b6b7ca1eb1.png,True,True,0.039504395735286746,0.019460049696240118,2,2,True,True
f4c7ae514c54.png,True,True,0.011284141813793336,0.004513636037059413,0,0,False,False
f4d3169b468a.png,True,True,9.073325974551238e-06,3.6356861206537983e-06,0,0,False,False
f576e45d1da2.png,True,True,0.01181330225435901,0.0047253209424889435,2,2,True,True
f580566e27f5.png,True,True,0.007552991154751942,0.0030211744113835893,0,0,False,False
f5c953bee7cd.png,True,True,1.1502297770444349e-06,6.178620935089314e-07,0,0,False,False
f5e6226bd2e0.png,False,True,0.07935999295814072,0.03174400673131358,2,3,True,True
f5e9a307288c.png,True,True,0.069347692816912,0.027739080547920104,2,2,True,True
f61bf44c677c.png,True,True,0.037209285080762156,0.018068084428274477,2,2,True,True
f6f7dba7104d.png,True,True,0.0441270902447542,0.01765083502688069,2,2,True,True
f72ef9ceeaa8.png,True,True,0.05317079541257386,0.021268336605216515,2,2,True,True
f7defe70afc3.png,True,True,4.302820811097341e-06,1.7390347289752491e-06,0,0,False,False
f90f8931a9bc.png,True,True,2.421937678964703e-05,9.69193166301942e-06,0,0,False,False
f91cfa82b9d4.png,True,True,0.0038691475678731546,0.0015476477850671412,0,0,False,False
f920ccd926db.png,True,True,0.06335911634362901,0.025343641356969752,2,2,True,True
f9d52509c571.png,True,True,6.418940860808409e-05,2.5664690799978415e-05,0,0,False,False
fa3e544a7401.png,True,True,0.012995528620981023,0.005703104432621478,2,2,True,True
fb88783de055.png,True,True,1.3177701249755813e-05,5.321895017892467e-06,0,0,False,False
fba493e17448.png,True,True,0.027665148583537524,0.011684807648420358,2,2,True,True
fbdc796290d4.png,True,True,1.5744794918615135e-05,6.3086492318459695e-06,0,0,False,False
fc4d69128e7c.png,True,True,0.01236785291425968,0.004947142562687726,2,2,True,True
fce93caa4758.png,True,True,0.12068964440245655,0.048275855269694724,4,4,True,True
fdbc252813b1.png,True,True,0.0013013215910046005,0.0005205181110925113,0,0,False,False
fe674c2f73f5.png,False,True,0.1821056667779744,0.07284227981955502,1,0,False,False
ff59d44a70a7.png,True,True,1.105132102352524e-05,4.431042895772123e-06,0,0,False,False
ffa47f6a7bf4.png,True,True,0.02957118343260179,0.011830903872741962,2,2,True,True
ffcf7b45f213.png,True,True,0.1767615235546342,0.071594624336438,2,2,True,True
