image_id,image_hash,source_split
1fddd7c98fd2,ad814191b996a53926f9b44d362a8bde856ba7fa28f62a5bcb28e3246d5349b5,APTOS_TRAIN
e7291472109b,90ff7eced6636640878f02ecebffe05c06640806e2565da71f651fa6f3073582,APTOS_TRAIN
ea6a53e54d0f,a2cc6d876984e63bd1cd204d4b13c4c6f6b0cf69ec71a63d3a7c5a59697dd112,APTOS_TRAIN
c2a58b2cfd0b,21c474a4710959d1ab44059f95fa407b7890d3b48efb48d2d220d950fd977190,APTOS_TRAIN
17e6116b89b3,7b470c68be35c0892053c314d93c675b2b130db0e02c834fd43f75a7fb62baa5,APTOS_TRAIN
28751f290ba3,81f852eb293906b411060a18a2c48c31366cd1b0c5f0950f9cf852635612d71d,APTOS_TRAIN
3601dac9bed7,df153cc4e91afccda2628a3c73a0aaa58badbe2679c94bf4fe0255d2c197744a,APTOS_TRAIN
d6b109c82067,ea5d5c4c760729be2f9a5888ee0301a134f3e38ed605682a378d569e6ebb6a53,APTOS_TRAIN
9ed6c2b25767,35c0e511047c969630b54faf886ac444c63b77237c824b4293a1fbdb0197234e,APTOS_TRAIN
9ac41b9a809e,0bebecdce4512988c79206e3cc17611360c57aaa03176da10349bb06ed08059b,APTOS_TRAIN
a7c10ca6c117,aa30d73a7e8f177cf6503b20200b102e453631847d469cddd4ca4c3a13112c5d,APTOS_TRAIN
598b8f5b3822,bbd52585bb34f394451d9090f44cadf73da526d9aa309f9b85a15a23d0ebe251,APTOS_TRAIN
85f99e7e4052,be34a40488a446437ca5b05472dcf9496ef0ea240bba66d084bfc0fde8f6bd35,APTOS_TRAIN
11b220a397b8,9b05af5822a14dc6d4569b2e0b600c6edfd5a004a2be35f3c7fb1a2de9a91e94,APTOS_TRAIN
0b2ea8f268cf,93ef6bb626939ddd49ad93f35d3089fa72af1550940b6a2191ce11b4c812fdbf,APTOS_TRAIN
5077cdb88aed,460160fdda79d72a5c9b712bd1474872dc2138304f064a3baa277cfa60bf78c1,APTOS_TRAIN
475300735b7f,bb66ea716c3b94cb6fb92ad835420c5251d45ab755407ab105c0ca3b74f6174a,APTOS_TRAIN
54bdcdecd8f3,606c8ca10180fa3256861f1d26825cd8abb325a108f3eead2777119cb85278cf,APTOS_TRAIN
94145d1f42cf,af5437a38fe63de741b256efd3a12d54d8d82cc0e585f6d10c588672f07194a3,APTOS_TRAIN
4a4cb731f91a,306152f3b8cac10a63417ff923c1b0794e48b0e8f9fd12ec94ed9fc4224ad3fb,APTOS_TRAIN
f9d8ff3e6592,0d567ef917e85a650761bfffaee09492c214d2a94899876fa4302c98ca3a79a3,APTOS_TRAIN
1c13a1483f4a,490942afbbf2e6bd3e632a9b1625eefd9d8fa94c10dfa54784f58d9e5cb5d6e0,APTOS_TRAIN
02da652c74b8,33a66ab908f38cae1fde91623c288f278c3173d27a85201178accea61fa07d82,APTOS_TRAIN
4eabad7948cf,cd5b8b451d824cbad6fc9f0d62189f423011522fc26a9abd8ac8a1dc2827d23d,APTOS_TRAIN
af6a1508cd95,0d90b8b2421affccf2ab9ad86249c74ccef84cd2a3603b2b41940035aa634e97,APTOS_TRAIN
18b99159a14f,f5027ce5ec4af436561810bc58acff48e026c5ea908bf1777269bcf241b52200,APTOS_TRAIN
ace2281f00c4,661b80b9b365e763eba0ff61e766cbdc552e9ddd9181f97a80a5f335ac5bb91f,APTOS_TRAIN
12ef75375322,4e1658811d0bc46a2a73e25f9fa19fbd8e874e198662f6f2c5b538c60e516621,APTOS_TRAIN
6e861bc3bd7b,974b9779ee0ca8f5e7f9daa5e19dd7ced0565f1916460e5a98552c801374c12e,APTOS_TRAIN
64b9206afb3f,9abc2aaee29e5ee3b32cc68c6d4fbe847e1e267506456adcd062d3a4b720a52c,APTOS_TRAIN
737ef6226677,13fc5d06e23d2f8ead7627c4daac6c5207d9de58bbcbb30d5060758cf0ab3964,APTOS_TRAIN
bacfa2b8e706,5301765465e21a709fe085c6d26884197addb5aaafaf65b97c61b02e274bf753,APTOS_TRAIN
b9fe7da14a32,9c54884c5a2a99acfa150d7444c0a8ce425f2d5c99ffa7ccc0b2177bcc12885e,APTOS_TRAIN
218c822a3dd9,feac5acf5e26b7d55e86010ce441321a745b56b577c363eaca1d04e05f4d1e77,APTOS_TRAIN
1ee355480567,6a536c40d264900c18f8eed4f402a122720727395e6aab0d2aad5076f45c8b6c,APTOS_TRAIN
7ed4128b2a4e,22b98b7e1310251a780f7026afcc7d5b6fda3627ae9e1f518634ab7d70805fff,APTOS_TRAIN
92e3d608fd3c,7bc998900b30d76f3807de4a2cf820a425abbd7951b257603f3b4a396246c613,APTOS_TRAIN
5257cb536da2,90d7cfd978e66d689e40617ffa9935cc61c09fb0b7e68c515745bd6ca8b78b53,APTOS_TRAIN
57db4781e7ec,a70a051e1aff3c8132688f75ea9357e09ca6146da02d94a7e6eae1e2ad457e8a,APTOS_TRAIN
628b581aa905,bd7f4054ab7e8cf2b5c22ce032217a33e9a5518c39aec12e357ea1a9e49814b6,APTOS_TRAIN
97d02a9b94f7,e791dd6cdd221476a908f60e9da19c010c2b29145856311f5693336624b8f281,APTOS_TRAIN
0f6e645466a2,701d86446348687349ccaa81b5746ddd48fa54d9693366d7816e64e6424d1acd,APTOS_TRAIN
10a5026eb8e6,0939893fb07021fdf6644491970d417d360bb1979d934992aa50a77672316260,APTOS_TRAIN
2f81ee5f2926,1ae31d3a91ae04ddfcad907e14703c48e774db9ad9692f4afc965652b5af3b28,APTOS_TRAIN
fe06dad6851c,eaa2fd8f4dc157e6469ec4265d33c1f2fec6d0b48fddd1f65e7db16c8ff4306b,APTOS_TRAIN
9287e57326d0,e06c573aa09c21272b0b45723e3614ac5ba0f7d6a415ee5e40b6b9a9da3fa82c,APTOS_TRAIN
0babc12807b2,a5043baa555622d28536f45adac8864afab87692f209e3bb5f61bfff3afbaa23,APTOS_TRAIN
8660e1864665,395413c9cb6aeef0e3a7cd8a0623e41567861d72f5de74b05c708c0bb7470108,APTOS_TRAIN
acf976efd7ce,d4e61c5c5866d40cca18e271cbb41d32ef4e49e7edcde4a69e5aa5946218a2d7,APTOS_TRAIN
f42b693a9414,1a0d849f7b415ed799ec7220f2bc6fd455554fcfdddadfa4e154b4a5d0b4e544,APTOS_TRAIN
83d81ba5959c,efa17db3e85e5b15f2be5069a0ab4af7d375207d2ce9c4ad76e07618291d40e8,APTOS_TRAIN
b70e7c26f51e,01e9944af4c4025d0d76362d6c9046782553fd3a6b66dd7d1d0b23980a7d25e2,APTOS_TRAIN
8f06ca4642bd,b7d2b2736207f9e964da821dc301e199e541d0280896adda97e691670d623102,APTOS_TRAIN
8a87dd2a784e,2efdcd5cd3d3129381484a4531618885b250954580f8f7e59cf9e56319e9e9f0,APTOS_TRAIN
c64c0966b4cf,74b33172024d0672b895cd45eb01b16afa77fa35093e7a7fccfe536483119bf1,APTOS_TRAIN
103f97a2ab15,a624508b69cff93b3568b907fd6b47be7ad7a0f711556a423a4366d6be779059,APTOS_TRAIN
87d46b1cc4e9,ff6a6a3b761b68c9e115097cd81d02dd88487bc78a115bf2ded2f4836e782e2d,APTOS_TRAIN
92889b863ae6,27185a3f12ff54470457f910d4a4cc048dfa8e4935b5d48d840420c1a64d4d8b,APTOS_TRAIN
2d558de2cabe,d195ff71d02f5ee3dd14bdb453762ce93102d1eeba566a0c113b78ae93e07684,APTOS_TRAIN
a484bdf85b4c,bb4b518d9cab2db60ef7de292738069ec5a03b1bc5e8bd92a8b1c31fc0b039a5,APTOS_TRAIN
f71aca5a7dc3,cff1dd304fc3c4f908932680667d2ecc3285948d4d376dffc4d5378754976e79,APTOS_TRAIN
71c22da3d6c6,9184baf2e3cdc3092c4bf944c587bfb4539f3c45d8690775da62658854faac8f,APTOS_TRAIN
63e041a757eb,5efd0aff5f57a1bc75a14ef80f1d46cc7f8a0e587ccf2c2ebc7d569466a42c55,APTOS_TRAIN
b8e20c076b03,66ad2ce9875342888bf8885f3c138401bf5c62ee40f71f7925e4949a552467a3,APTOS_TRAIN
41345cec5957,424a47372bc2ce86ce7086e08e2183c8c8cdc6f5456c715528e27df927227b46,APTOS_TRAIN
a8263d248523,638b608c070d6dbdc8e7eeaf3aa01bf99c9ba17b57062dafd3a07326cf884d0e,APTOS_TRAIN
e9ce5bf645ab,ad824da32a9bdc4977ec949cd66b67c34030d2b7191b65d694c2e125649bb404,APTOS_TRAIN
50916d67bb51,94aa6f11227fcbe1b244a8841c63ab2d7b83c9615ccb7ac0129d297024c86d9e,APTOS_TRAIN
0709652336e2,499ec06504aff8dec5cb01cbfe347db512045d3c3ad562d76e803e6b7b78bd8e,APTOS_TRAIN
fbcbc81cf9be,46f09638b7c4e6f5be75b013e6757342ff1a998cfe9baf8290707bc28dfbea44,APTOS_TRAIN
e66ad813a508,326bb191e7a3dfc0ecaf0f86e67a8d2653b7e250cf71005541bdbb527a2d2151,APTOS_TRAIN
07e827469099,80edc22a5a04e392a5b99996fc798cf223de9a7791f0482f0299e4923ef38117,APTOS_TRAIN
070d4ce5fd90,4263d7f8cf11c00f0b6dd02293ef48833948b2c635ed1c40eb0ce622d0c40e8b,APTOS_TRAIN
a06e5ac695ce,3a8586d11e7f0ff662a0071f2dab50953eafadff59c94da3ba0620d1ff96ad66,APTOS_TRAIN
80f6b30ece8c,04e9fac2522516ae28a031041095c26a6939eb747354155d33f2caa8031342a3,APTOS_TRAIN
996f9bba4ef0,cbe2a3aedc758e8a46e8ac3d5aca8e50b94b6aea9be9d1062ebd6f0c33b7f2f8,APTOS_TRAIN
72606afaf3da,810b15e834796bdc54b0690897efc190123e0ec8fde8f24586d9aeab087eb449,APTOS_TRAIN
d838d5b9f571,bbe398f436ab8c1d7c339cfa675931a732c9e9be1b4f47d12d58224a9721d931,APTOS_TRAIN
59928f999ae7,000a7f1d3366c486adac781ba14129f398c485989a8da3ba735167c50674d7c2,APTOS_TRAIN
1a19f2ef4472,8198f3bde32745f9443cb6b25fb33df73be6764a9bdab8952ab6a0aa0c6d891e,APTOS_TRAIN
c1819db0aece,70d6552c8952e12e12b451bd1dfd60a9fb50ed3de3461ab1c4eb3319234ab0cc,APTOS_TRAIN
e30a890600e1,f41a4dfc6d408585989831b793d895a7e1c566dfb9a0f099a997d04d422992a8,APTOS_TRAIN
7b9d519cbd66,f057b704bade6430abbb744b70988f4bd1395f3495b1310f4624af76b4ac97b4,APTOS_TRAIN
edceb0657d77,5bc1a0d1bdf8273e90da02bd5b7a2e090cf36e6f5af9e6c5f3721d72f9d07461,APTOS_TRAIN
a11c62cb3f86,e5c23e6003ad4556ae8fe523f8e6a587c62763ac397c34e6f1919ca0cbbd0f34,APTOS_TRAIN
ca05f7e7801b,02c884519e1636f1890eca1b641ee12f07664bc7394a81f0e5c0a496513b15df,APTOS_TRAIN
345b1f0abbba,d3881aedc2868943bb4cbb8dcae16aa8d3b6c79d7f3da5f8c2dbd3e9cf0fd988,APTOS_TRAIN
df6d13d04da1,88f561cf96fb0a5cac80f8e72968f87f3da39d74f5456b617871b3bcf2e1bd25,APTOS_TRAIN
a30a143a53a3,aa446ff2f5b5fa58305db24a939853b2fdd9254968b23bb711db2a7a1be4902f,APTOS_TRAIN
d4bc001f7224,9a8ecc3749f8d1dfb1d8347422a21edb2e7e0709b278d073c95de8190a8b3595,APTOS_TRAIN
b5e6ae31493c,9c5a91fedbe8def73ce354911a74200f9ae7ea8c2170c8a40ca55e5fde1bc5ac,APTOS_TRAIN
aeb6f4fd2eed,ec5a2e6ec519f7e2ec0f5408842813f69590ec46215a049fa5c27e5a87191266,APTOS_TRAIN
35ac70c0d08f,7cfd9c0ec627e87527a4f127e2e0a954eccd349c0b84e09e59d6ffd5430d1628,APTOS_TRAIN
12b57dac703e,7cf914317632429baf5c49280e52b4dbe2634a186647b4f91e3fecf4327a85bd,APTOS_TRAIN
1c7a013eeba7,cc60c4d96fdcd8b46524d6f53dfb73bd461d6ee07b5573fa19c402bf91dd3fc7,APTOS_TRAIN
0a85a1e8f9e9,0edaff551551b82ed53d513cf440fc34fc2a79da58d5ff8da171f2a57f76b46e,APTOS_TRAIN
0cecc2864b7f,4ce734f3e61f24182aa552b1e4cc840ef45c51285678aeb5bb882405759954fb,APTOS_TRAIN
40c24aded50c,dea8f4af9069be3eb879d5064221e4399c8dc26008319f326d0412fce826073a,APTOS_TRAIN
76df141d966b,116c79135acdfbeaa8eab5660afb5155205ca3b7e884ca98cf9f69a1f7f5c0de,APTOS_TRAIN
ac17cc18a994,4fecd1221c79e1fd15a2ab71d5cf46898876372bbd70838178b119c802fe4b6c,APTOS_TRAIN
96ce10a1dbd7,98378fe64bb1e3e21029d65ef876f5084c4deac9feb3eb30e78a887dc91a2edb,APTOS_TRAIN
9274e75dc4d5,9f948e9c7f546f216ea856352b415dada3aa32fea9a561249425a4a64427ede2,APTOS_TRAIN
ffc04fed30e6,cd1c269d1445278b1bdc8dc2c1e1f74ab27102cafd77e33c9e8c965736f529f4,APTOS_TRAIN
2f8d14a7d390,f785e7c5994a48bb09a286654ae2295644095677b9344b2ce4de955cfd751218,APTOS_TRAIN
e0313be77035,d7cb6ca3a8faaaa2fc7630d8bf89754da26364e2b5a59f2f1d76699ef4d5791f,APTOS_TRAIN
d5c63a8d9e94,d65d5ab3c46fe1e03bffd501435d1df85682895bb0250b5d45592d96c906f6d9,APTOS_TRAIN
24f3e70f0419,2ceccc2a6b9659969ec80f6530da548e66cab63b14994381dd1354933f7ed31e,APTOS_TRAIN
1cb6961d141c,0df0831d8dc5eb2d05b4b144230f297fcb060b4abd1eb77d3e520fe55385a19c,APTOS_TRAIN
876deb29f000,b68d9c9dc47e99341577a8048c6bf591061b14467ad8c8c2e215cacb583c9d10,APTOS_TRAIN
f66c4ee86629,29cb5c1289aef13da90a228a1e340fb3bd02bd595a934f9e06ab327bc303b3c2,APTOS_TRAIN
7c6594b50690,9f5a471cf283f41397e01bb6cc9a478cd6eafa9edb1d4a53a2ee812f7d200b3e,APTOS_TRAIN
da6bbb76d562,dc91b495e224ee9c6de9f00157b96e95963095ce7ff63e0d33cb692dbe67f322,APTOS_TRAIN
d39752cb6e57,e0fbc1fc8bbd90933f08a7a6e63e2f187937ab1b8fcd30a7ff8165a242c85c10,APTOS_TRAIN
da9574d35b82,aad22dd65b3a98fbd108a91658b84084945780395b8517bb7084ac144d4ef6db,APTOS_TRAIN
ee3f5cf52188,eff2106f7e009f10b92cf173922e6b053fceeccffd06c6923aa56b6045be9d3a,APTOS_TRAIN
06586082a24d,4ff0bbba5ead65e6851d8aa18d1b19e9aa033288bb0213eb3e453a4f5bced2f9,APTOS_TRAIN
6a905a7202d2,9241e9107d9d4d300ffc4b2fc431f9dac1f07d3ab847961a31cb1e69610baf32,APTOS_TRAIN
4f6abc40c72d,4c217b0646708c6250ebbad4fcca9b9034275a91b794343d2f513061d7b21ab0,APTOS_TRAIN
215d2b7c3fde,fed56a3479dbeb3cc7d46deb65ac478ede80dd238eb99e49e7ad1685c608beec,APTOS_TRAIN
393fa5a023a5,23a654e1b95153843bb6714ca9a91542f753ad948431757b4a1e22a8b343f280,APTOS_TRAIN
fa9f1bc03f21,e0d263c1f081a74059285d66b1c7ac5066413ae4db75f195617a3faec6545250,APTOS_TRAIN
5e505e25cd3e,2b906feee0a948e242b5104c88b50db7f10219a7b6041250aa1afb7f6f263a33,APTOS_TRAIN
999ad827ed35,e19b3d43b6495d54fc443d03b0a5dc4667ca29cc2bde714121edf16fa53a5b4b,APTOS_TRAIN
e68bdd36e589,d64e331109da74035a10bebb8e661f955cb862d514bc36911951d720d3d3322d,APTOS_TRAIN
870fbe6eaa68,931ba01b3e0ec73192a86621529d744e6b6304fb1b13880f051564a926f2b43f,APTOS_TRAIN
98d41bce73a8,fe68b7cbc214445f3d70c773642b269016008266e3f8eb730c2c9e5dc40dbccf,APTOS_TRAIN
263d8851e33b,6e832425592472efa863b8811a4b80a4c9927640b3b170af311c48199c55c8a3,APTOS_TRAIN
a02dfd67a925,5d7eeb560401f1383d443d0f50fd54a5a1d8d143cc85faad7e0e003a02fcda31,APTOS_TRAIN
25b4080f598b,4be94d948af0fca4cec50c86382281cde26207beada79829e4a93b23a08947a8,APTOS_TRAIN
e7b5dd5bab1f,465a4d9b1533c3a2ca12c51eb897ef280d94c0e7447fd41ce0019e74e95f51d4,APTOS_TRAIN
09f1111a388a,8066682e46ff85f2405db72a28b1237e60542b7dcd2e41a002b3604cb52ea0c5,APTOS_TRAIN
8a7765e785fb,4ed6113a7e927f1ac291cff3166033dd787092a0b0b03abc1b26eb087f8b2ddf,APTOS_TRAIN
e7578d8dba72,1cce81493578008d3ce5589b809e67c5b7a725b31c07a373cd657b01a5f5e3f3,APTOS_TRAIN
fb1b8771c70a,1392ad1aec35480985e8400be9e1becfcb55c68c1ea2f2692231fcf071b7fad2,APTOS_TRAIN
dc0f6e5b489b,93e542243c240dc5339d9418d0e4953ca4db15863b6ac5f4c2e2eebf1d03595c,APTOS_TRAIN
a62e995f167c,f1ff5499629c8faaf60a34322bc3433f26b4a08054d0c4ffc36bfa66ac1559a6,APTOS_TRAIN
253e96488cfb,d02da2b8808532ac2b0cdd48e438af4962fb6ce25b7350fe78bb552330f98cc9,APTOS_TRAIN
f62b8a076833,ac09502731c9477a8d9ac0f7e0b272dad0a038f6e5403bc3c6c6a6cc46611bed,APTOS_TRAIN
3c28fd846b43,a56872c0a848a184a93ec77e07199cb15ca7cbb6a3c06a6624fb810528a454ad,APTOS_TRAIN
6fbaaf8eb67a,3e3681057fed1c1f6147280b781635b45d70e8704ea3781954ceb8041679e02a,APTOS_TRAIN
099021fac3c9,9eb972d4cf5d98648331c134a592f45d18d24bc479c93989d0dcb916844f6c70,APTOS_TRAIN
103abbd8b63e,ad9e54d5bd460dbf1f031b77f37c7250b1290f086bb2937532bbc1a84e8a21f4,APTOS_TRAIN
2cacdb0dffae,6800d3871cb71f4f2b394b7aa348058669cb720571f19a8341d6545464c3734a,APTOS_TRAIN
8a81f62320d6,e014fc6ca8664994c1df05785558bc984a9905957a2d3d8e786be30f5026ca1b,APTOS_TRAIN
a12ca80bb8c7,5a0d568588c4bff4fd083f8b33a33d34c31aaf4844af4965d361bc9789640ce9,APTOS_TRAIN
d1b279cc02ae,a12aa81d18b71a02d56fee85f67d5012fc7b39b434e5d75591d77772267c93c9,APTOS_TRAIN
0afbeeef0ff7,5dc6d466663f015ff2f96ce37e55d6e9fb25a3559441a7e1950f94543191d10e,APTOS_TRAIN
16060f05d047,c43372f62c2cab8f8bfa720a6910d29b02c682389cbbd1af0e02806dc6c52fe7,APTOS_TRAIN
2f7fbdcc9a4b,614ebd552fccd137cf7e0dd78e68474a9607f94d3d340beaa147459cfca0ce85,APTOS_TRAIN
d2d523e9f669,25f0506c594a52c71dc364fbebf75289d097e64a17e53cbc40ef002ced8e5b63,APTOS_TRAIN
259d30f693b6,27e1c1c7570a11b2940c57d2b79374c93e629c5a0ce04d9b53f9e2f7a9563c50,APTOS_TRAIN
107aea0d9289,3616713d58cdb5b4a44e70db7e2cf7cdef29f562c518e74df3e2e1129c1ff27e,APTOS_TRAIN
bb783d8e496f,77497c74c2a43415a767e5d515226b53fe5b3e402253e1c67291eb285555d0e4,APTOS_TRAIN
545df1bbcd61,f8dc5d2b1b231fb6e4cc627c718fd23c4e98cd646e43cf228740c693dac1dc20,APTOS_TRAIN
bd269a1f0e4d,b393a3ad67060a05dbd3ad4fef18c872479fdcf00996089b391980dc438a1a19,APTOS_TRAIN
b71428739d4e,32985d51d0947ee6af2647d731f17985d3d4858c7a0e269e53a3f14ad921b4cf,APTOS_TRAIN
fe2df69676cf,f0eef7624e74f0a36b6f01ed3d554058628c41934fb559a54847168f9fa1771f,APTOS_TRAIN
2f2e1949ad56,77b58a496f2c4b24cc9ef70d79457766ae7d25a628a3641255752be9fddf4a1d,APTOS_TRAIN
4e82c3c8d31f,e8339de505f2ab0f9801974d693102b2de79d988634abd92ba3b3250d7669b7b,APTOS_TRAIN
0369f3efe69b,2e378c0f29f1eb0a79d7204fd404148bd328263a26daad1cacb725a579795431,APTOS_TRAIN
6cdd0f985270,2fba8f5575ede140ca1c6104b9663be3696d148c52a2039b2c8fc2450a61cb3c,APTOS_TRAIN
7335a2d43ada,08d63bc3daa370102d5948e3c422568f7bf9343c5296424fa9a531e4b924413d,APTOS_TRAIN
274f5029189b,d67ade8c1a15913118b0281dbc8171f0289a3f4af5177d7498a002439e6c812a,APTOS_TRAIN
76e589911303,19957b09f9d1832d0605476f57b6414a3804e17ddfab9eaeb02397d3f2f6696e,APTOS_TRAIN
63363410389a,89f12a9eee3eb44e5f078731ced13e9dd1c8b976f72a521e09e50d9a3b316ee4,APTOS_TRAIN
c0f15fe3b4b7,d7a70ff9b648ac952a4fe95a310b8c1332aafe3f0ee11ec3d9d3d24c68e36fdd,APTOS_TRAIN
80d24897669f,38f85514cdcc79212e5e991349f6dc6f0453c8b8758fe14cfd2c4859c5cf9412,APTOS_TRAIN
8114d6a160df,5ca081c7ff236d7719b9b5cb3395453d04f100fd151647dd929ba2ce90cc0124,APTOS_TRAIN
531b39880c32,2ec6cc0463e06ffbc5e0f637a280f5c1fb68dd17e9086c4f157b238ddf7c85c4,APTOS_TRAIN
8bc6716c2238,2d673625dd5bf2db13904e610ae75f1ebc83684f92a53f5d2408c1cbda0b1d4a,APTOS_TRAIN
c9485c38fdd5,565cf4f0131c13dbdc2cc9fb07f6c785014a5a435b2d7fafa76f4990e7f1223a,APTOS_TRAIN
365f8c01d994,f259156c8d09f029fee920fe4e3d7a1778266c697c9473f8a3db05b55bee3d54,APTOS_TRAIN
fb6b8200b7f8,eb4e2e8dd36f830056b3abd5c5957de72386e4a3b58ee88ad3439b0d69e021bb,APTOS_TRAIN
fecf4c5ae84b,06d316e98e5cafd3cf0b6bdc500283ed1630fffef53d6917cc42cfe6c2a93d6b,APTOS_TRAIN
33b893e18eb3,9f6fe7bfe730465e1401fdb19aaabe010361ccae034a55b5a7921f3bdd9ba127,APTOS_TRAIN
c1ebe785503a,fa3f29b5b7390d1e686e4bf6a8c5242544b6f966cb15e388184af58f11626b19,APTOS_TRAIN
7ef5ff774a48,014dc9c59201eab5884e5df3e7070d6e1469c86befd76fc4e544679cf2efb44d,APTOS_TRAIN
111898ab463d,fa85dd94609764b5a27f409537d606b5214dace3c096f338a5f6f2f31d6a1889,APTOS_TRAIN
b9b99dad668d,844470744cd2663bc574242b52412f026d7d0ca41c22d9df78d29da0d08abbd8,APTOS_TRAIN
c56e65f74187,51860f1141b44c9b2b07cddb99745a1ee0b88c347093e91214e267da91a5853b,APTOS_TRAIN
0a61bddab956,188ef1d90607c61fc6014c806eab0e425c8848a00b8fd8715261d642e7cc994c,APTOS_TRAIN
3dbc90c7ee7d,6b6f8e5e62b9a95ceabe8537b539b73d12afcbffd84ac6ced9c91792c85b34b4,APTOS_TRAIN
eeb231c3ef1f,c68ed299e1aba0b7b83672eaff3ee84f2336999e0bb88710d0e91375fb9e8a76,APTOS_TRAIN
ae8472f8d310,f5f98df161d7a2ee146fe0100710530e8454ce1364d4b9448f31684af3c33e85,APTOS_TRAIN
a01024054596,8fd37bb3816ef1eef93bc14bd55052ce491787c7cabb2db8fe0afb126c295d9d,APTOS_TRAIN
ca30a97e9d13,c9621224d90ec994229597af578f1a11d6d40ca7f9ffbff9cd7afd4c20393a54,APTOS_TRAIN
4ef7144e24ff,72242ab275aad93dc63b37d5b7de1e26e57de5dc1f706382ce021852305db94f,APTOS_TRAIN
b640e3bdff75,6bc7640f3855bc90c92bd333039d17d5ad528117e341ae78c6bea102519cfc11,APTOS_TRAIN
2a8a9e957a6c,f3335ca2fbd7741307817180c808840b7e53daea1f11371514076a362b1e8407,APTOS_TRAIN
a28bfb772f50,bebe04530ad77e816f822c8ee7ef31e917c7a16ed09ada216c3bec2bf968eb94,APTOS_TRAIN
665ce639a331,45afa35f2756c79a02d30b4f49554f2190187802b33a3ee72db09a341ae34534,APTOS_TRAIN
66cd9c28e636,857d5bf58b3784c938ffad125c356cc4180cf620519f2818ee709a28b74faa9b,APTOS_TRAIN
13ab8db8c700,68b60f2d2c1f824c198743660eab263add4fca30b289107106e8f537208e691c,APTOS_TRAIN
b07bc463b718,9a2fdd6a51d7e17b5a5feb60104cd40bbd99812329750278683d029864d567e4,APTOS_TRAIN
059bc89df7f4,2e3db03e1bc6e6f0e23a8e8d74e92a4085716700f4d32eeea3c61fa264c6f388,APTOS_TRAIN
0024cdab0c1e,ef0bda2c21f3dbe839b4e5168fa7e52afe61e6923a56fd625bba0ddc1665d1d8,APTOS_TRAIN
bb9a3d835a94,aa59ba7e73eeca16fb7b0db0a3cd6c84652db53a430438c0e6d61b830a61ddfc,APTOS_TRAIN
523b3f0fc646,fcd9daee6222f532f9da43fa162d20dacc2d4cc8d11307914d73a08a96c3e607,APTOS_TRAIN
6762b2b48ea5,5e4c103493d08ecdb9e0d92748b8596d0dda731bc8b65bcf7dc2ea07306aa127,APTOS_TRAIN
78bcdffb8785,0273872278d6456d4017e4ac8870e749e25d80e38396d8efe2a65bcf7f70fb60,APTOS_TRAIN
465c618f7b23,28fa813d001e1dbcadb3028053a87cee5035610287d4b9d1a3fe3a30f67ee74a,APTOS_TRAIN
e3e490babc0c,6fe54a20167fa1d9371d427f52adbd669c46e63714bf786b49716e4d72323de4,APTOS_TRAIN
a150ff5dfe07,bd9b6f2c336f8c3f0d8c9554580b61d6b2730c9e2276a3d09f070f069ce280fe,APTOS_TRAIN
041f09eec1e8,008bb5dc08dee7d563dd31471bf8c018e3743a2e52434ca7dff2cfe520aa0434,APTOS_TRAIN
f3a88d3026dc,a160442f2acb73860aca8e0ffa7ca4134e3d0d0d0cd9f4632578c1bc63b9254e,APTOS_TRAIN
0fb560f9adb2,bb359c93a210638b195febc5afd4baf90344ad7bd66e4036c767c4e894ec25a0,APTOS_TRAIN
e387311a840e,0a755f007e669dbf4c5ddff0ddf98728560eccac99edfa67d89215d4d9594b37,APTOS_TRAIN
bb733062f494,a588afc6afc080d27cdda4fc613c241f924637121cca9401f51aa773a1eb9cfc,APTOS_TRAIN
b402b18d99a5,df54ac7891b3ed6163dc6f5b17149da9cb73e695373a75e8b499c543360d97a9,APTOS_TRAIN
bf9cba745efc,c324ddc6cf5615c2832eb593ebe7606eaadc2d2af1d067dd50d4236a77fe4ecf,APTOS_TRAIN
26453eb7e989,3ed20e9bb59bf796fc54621dea94f591562871811ac4627393b4b82c123573db,APTOS_TRAIN
5ed6dc419e4d,3419c8ca7bc63ce49e76444ecfdad5d17e7effd819744844641c12184f4b468f,APTOS_TRAIN
6e68e742f5bc,c6d8d44b058a99448e9a85252215d4a36a9715d3f83ee2ad5ec7e79098fe61a2,APTOS_TRAIN
46923eea9a4e,460200787fce5f681bd1c9506fcc3093c897f340f8adebe1959c0e9670918589,APTOS_TRAIN
6363b360aefb,59d993555a056be57761c49a5bf67831e2a76f4dff2ca245b610384183e38de5,APTOS_TRAIN
cd9e2190c73f,78cd90d2222aa5d98ae0f26102cc04585718d0a4f8a91d9de7a50cc6b9829fdb,APTOS_TRAIN
89d2a7403a06,358295b27ede6a46fb6c0329caab3adc87b30187e3a5b510d636042de6c0c9b1,APTOS_TRAIN
3ddb86eb530e,6929a7a026a15ed8f241a6d60e01fbc70da399401172fbce8cfda362a6ba04de,APTOS_TRAIN
e599151ca14b,f8633a84308928a25c2356c577f00f5713906c4c3d070f13cef6d5b7b1f459b9,APTOS_TRAIN
61c2fbd16e38,6e86ec18ed3eec9b4ba863ed02e5ab9353faa6724148d278329744c8699bd135,APTOS_TRAIN
9df31421cdd2,9a6f5669d8cefd44acd76521b0f94a5303efbdd867a78b949374985e69a891c2,APTOS_TRAIN
799cb4c816ae,f152cc65de5e9c0519c06bbccf24e3e61a438c0c0985cda13be932fa5c208b08,APTOS_TRAIN
78d53c82a23e,0bea9fdd450813b178a7879bcce4b9db6d0aa9f2bd1290bc09fef5887d1f1328,APTOS_TRAIN
6889bc64ab09,299079dba17abf3cd1f64bdc4a853b7092b4f7ea0922f4a53b345d0182132d06,APTOS_TRAIN
a06e41bd2634,14bf8b458d92eab381735e053d7ce0db1dfacb20d9ccdfc22538cddd4e322887,APTOS_TRAIN
18d8fdb140b7,d6b94f1daede4d5b77eb8758d60c3848f4e28133cd4725331b7ecb7a8da7ca35,APTOS_TRAIN
92f313287a29,bca6d81470142cd9e3204a95dcdf72d6d7eda9cfabee2a0ec2cbd7b7db5b1608,APTOS_TRAIN
eadfc8809ec8,5f0270dc62d429ca945ee5944100366b7281e5a4d30505dc71a5164545d461a1,APTOS_TRAIN
9cedf5c7016b,f3b92a7ae46ca63bf1938d1966de1bdd7cc323a10479cb5ed6a65c9ea5a5fdaf,APTOS_TRAIN
731b19a460ad,ac466ac3bb59416b774875f1e30ceccf47cf56425c4d6753549730da7bb7af17,APTOS_TRAIN
234399352d36,8e43d35ce3e0933edd6801cf3032df4bf4865f6365be08bdc5b63b6c3e160eb8,APTOS_TRAIN
582f739b8f62,2f61160336271be68b666e921e6fe48cdf2bd505eda6aaf7a17abf78001aca21,APTOS_TRAIN
d18b1d8ac4de,12ce732f688e395153f684a4eb81fafaf5059494625dca22c5051b8885770217,APTOS_TRAIN
191348830ddf,dffc5e7c8d35c74a65bf66affb8646c41c4430b283201af82717c0fcab52d780,APTOS_TRAIN
3c311c9109b0,73c04a1c162720607c6f30a37b196a230fe35ed13ae7a84376444fbf550de34e,APTOS_TRAIN
57ce57a8cfb0,103cacd9bd02d66bd6d0d482aa0fe37936091ac0b60b363d2290d9839d5f5d16,APTOS_TRAIN
4384fa687afa,87d71c3b9f3bf1472ecb0842f1bf4c49293393792fda94526c428f737d41b683,APTOS_TRAIN
7f6ce40f306b,0d44a5590c356618d056596ec78f5249c42f92ea31495c19c979f235c2242705,APTOS_TRAIN
882a71de424e,8fa2114617a19a8572da932478e82510a4532a8983e3d40302b4783570ba8bbd,APTOS_TRAIN
00e4ddff966a,c50cac0cf3ea872451150ed0cf4b56640acb9c1d69f7f3e96c11526a67b662dd,APTOS_TRAIN
8c87bd748996,0898f844b0bfd5578067573ba6031f575b2deb1eee90a87e2d1922d0fac19ca4,APTOS_TRAIN
e540d2e35d15,fa168e663c18f8505f9fa90c12499374a135e8edba2fa480de22a11501c1d414,APTOS_TRAIN
1438288bb2e1,7f9682a39bdb3ab693672d7c13dfb1a042b131de9b30866c7aa9592ad5603264,APTOS_TRAIN
a45d77edf8d9,e6faeb4dad2eb72c8ab836c6cef9f60722648026daf50b19d4fb4f1e830eefc7,APTOS_TRAIN
86e7f98f73f1,db3e5f867be7be6dc428e38252aa2fdae14e57fcc36195aa4030c0fa38216629,APTOS_TRAIN
6666c4f18396,6f7d6a560ea4f3767c388eb617ab22b4ed09c07b27baefb2841becae722ad3ab,APTOS_TRAIN
4d009cebabc9,fe9fd341d89598915c04b4bad4f42e9152e131e0abaf54cbe29c7f159304a41e,APTOS_TRAIN
d8cdb7d7283a,b0ed0fe67d358368d341c52893256100772eae2fa7b93f3e98a1e4c3db72cc6c,APTOS_TRAIN
12e6e66c80a7,bc095b9303d1836e75b66f3eb29d932017e41a69af0fda7ff8b4af20ca2724fb,APTOS_TRAIN
624fb7317106,808c050dc175f1719c1152e9a4e8390b0d0928496ce213c64b0cdc108ad23a3e,APTOS_TRAIN
46c1548d730e,0e8d80e3f8e60ca0e436cb2e1072f6ab5be2547e01ebfc009c527d27696ad926,APTOS_TRAIN
a804cef3e51f,822a8e5db8fd91e0e9ed506106b8cb5cf8d83be5f3aab2785cccf9688f0597c8,APTOS_TRAIN
9dab2e6ba44b,cd6d87c95d8e10dbec820ce8525e88b985297ddfd6d1337fb74adc5a7167e604,APTOS_TRAIN
ca891d37a43c,99b7cc4501f22ca93f86c0e1f07e4155dcde8660d4e8ad4527e8cb92fd4fde3d,APTOS_TRAIN
7bda86d95c5b,e17b44a253e1d51f584bc9f3ca5d8aef88557492722fd3a1717440d7410265fc,APTOS_TRAIN
1dfbede13143,ac430d2b7a4725b2ff807fcd740f718da3f1fd014d553e524a35381c8c2fb5ed,APTOS_TRAIN
a9d0c900b6a9,1eb1868a36ef864ee7019df001ae317e523d42dd566545d00a71bcb23c836805,APTOS_TRAIN
1a369baf9ee6,0b280ed453a7250281a7199b16d05671a5d54743ad69f62630097d47ecc6d1b0,APTOS_TRAIN
60eeae3ba23d,c1c2b3ffa26f9f59a029ec76af6b21709fd8b845dd95992b8f4ab25f8f773a8e,APTOS_TRAIN
2b074afdf626,d6d3322e1dc82854ee2c8d9e4b7463354f48c85285c4066a7d080dbfb4eede3c,APTOS_TRAIN
e868c3da340b,dce3169b8714cab24f0c0806e0dfb8097f626f49719df358de3b7a753a0c3de2,APTOS_TRAIN
1541226c5d72,e5e47ea55db4178ad60c3596ebd145c259015f1d912cb579351694e11ba7a5bd,APTOS_TRAIN
e2a47a74e6e1,71618e238d8a4c7bc89255310f05e6aacb119a103ae1944e9a97246b753ac705,APTOS_TRAIN
115e42dd6a81,4e78f86ca28cd92c7b297e5df5473afc557d56c3065e1aeb589926d9e92b5c7d,APTOS_TRAIN
ba25f947f4ec,f861d1a5c399dcd55f21642154339b1854fb001317e8ac19569d032024887299,APTOS_TRAIN
25dc1b41ed9c,8a79eb3c35ff6101f826befdeae62f78fa7019e9944aa9afc61e19f944951a50,APTOS_TRAIN
d83d0695e215,73f367e374a8b2d8113c4461abd3a989bcbb6108c465cb29453f721a6e84bc1a,APTOS_TRAIN
094858f005ab,eee4d47c4b89402ae25b70656d497d214e6778d0ccedc8a66a936467a003a6ca,APTOS_TRAIN
cca626a0e19a,70ecd74f4735c3af9febd9651cf592448a4d68db74f492c7d8e213cc8ece2c98,APTOS_TRAIN
840527bc6628,6e03751bfcf1175b198ecfff8465e407d0323657986fa01200f3b71249fdf544,APTOS_TRAIN
354b8911d6ed,38470fd177fca1639edbb3f4f6fba89a98958f510283f96eaf8240202868585a,APTOS_TRAIN
5327f88a1919,088fbcfbf0fdd69f68ad2dcad93f1fb57d926219c0809b577cf3c554e9ac3a2c,APTOS_TRAIN
1594ca6c30d3,6c7f511cafa0a3947fa774a81bf36126b064a338961ed38b3352731fdf001c70,APTOS_TRAIN
62cc7ddb53b6,19f178308f40b05126559c81a01842f4fafdacf336c297a245e0e15752690353,APTOS_TRAIN
d952dbfb0fe4,370a371739080872c17672522b2d91639d314e299e8c2ddf9c2bda738eeb6540,APTOS_TRAIN
ae1344610ebe,175e553b42f5a1997fc53a0c05573f64c4350a661127454cd511854133267d72,APTOS_TRAIN
70ed3ec68b94,b3954ec638affedbb4ccb8668e41e79428271f18d9f58479f3e4cd1cbad71fdb,APTOS_TRAIN
4189d4e631ec,f377bfaaebfe9bcdf131f9a860288cb3b89764e2aa07cdf9b2e267783561bcf2,APTOS_TRAIN
757572337fd0,67e1a007db8350387cdd223d6ba90871e9219acce05ed7e2375676d4eb88250a,APTOS_TRAIN
82910bba4753,d3d1c0dc45c2e9a487cca068821791274e60d1f5d367673373d41b4cfd4f5e6d,APTOS_TRAIN
f3b6b7ca1eb1,d5666b9e47b815471af35b6a55d0e15a3d18cd38d1834cf5e16a926c03e699d2,APTOS_TRAIN
6c315ad3d07f,a248070e790004b378d94a43e5e663dbaae9b193de8b16dd4a1beafee1154c10,APTOS_TRAIN
1b8ad0afe9fb,119ad16e51e14bb906f6acb38f0e2c3c5210693917dbf37a3a1e48d6f6808d6b,APTOS_TRAIN
8aab201c0691,dc139ec38649de77471d443c262b25b97a58dbf81aa6a1eb6c2c58d2ac08836f,APTOS_TRAIN
436e1793d240,fb1fe09e37c3cb1b5efd4bf12faf04fe15ebaab43b65954f9fcafbff8a24ffbc,APTOS_TRAIN
2d870833c0c9,32809de53e00d5e638e33d3d84f92bd03b9442c054adffa859f5a91c07e391a2,APTOS_TRAIN
28f93cad89c5,7a9f850c5d849ede93d2cd9fd3c52c1ff51c47d5a0802dba647ab274b1bd8bdf,APTOS_TRAIN
6dfd80748e72,d89f958247ac10c4b5d57a8d801141c9e889c3e62de5ce6a3fad1a0996b1efb6,APTOS_TRAIN
f9aa35187bf3,2171b2ea4a5d724e9e87e4a4edf6ee9e7edc827a174aa11da06046117f21967f,APTOS_TRAIN
0c76fd494af6,1023e84b88283b910dbb508a0226cf3399067ef801a64b15687fc4f3f689603f,APTOS_TRAIN
3428230bf1bd,55e863cf250582610b35553204deaa0cce08a47f97d6364680b73352992d2c5c,APTOS_TRAIN
3cdda8b3df19,4f8bc0ab10d8020ee15a11e590041b7a146b416f4adac36f81a1c4d235b3c4e5,APTOS_TRAIN
60e269e3e188,c71bef611b25e0857df685a43c6f2dc714c9d1f8cc322c435849457795471ff0,APTOS_TRAIN
55092c0071eb,8d51c2b335edd026e29035d675def891c3bb50d3a6510e1d34f4dba69b0dee65,APTOS_TRAIN
08c17a2d95b7,fc38badf14e05ccd7e368d633c32a333b2d26165b3af925f908563e93bc56a63,APTOS_TRAIN
82deb07a6618,8cd94f5271bfec43868b86afe5f1e63598cb1af61c1ac42dd98afa5b372f1b19,APTOS_TRAIN
eb1ad14dd281,658c14361a9de32ea559cd30f04dcb36230797c5f944888aedbac7e0527724c0,APTOS_TRAIN
3c1efa38d0da,a03235fc18e7e3dd3083eada98f62b9bae707e38194e672ce4f14b99010ecc32,APTOS_TRAIN
c9d42d7534e0,55064aa61b8e3bae5e8e94810f54a7c75dfcec736d501acbb9fe7018f1f5f4da,APTOS_TRAIN
a62ea0043aa7,3cbd6763f51b0777bb7ec154a7db102d2b78c2973bea41c08c7a4ce1089d46d9,APTOS_TRAIN
91a88d3b0358,dc0664c83bb174ee4b559348b8e2046e1166c14636cb37d7561f4d985681628c,APTOS_TRAIN
df841a0440d8,dc70591ce356d36ba803824a57ba55becf51bc101a25075aa93703ca13b722dc,APTOS_TRAIN
207a580de0ea,63bb8bd8ab502dd341eef54937b1efe3ca92a506af4942c1d4cdac68d9aa8019,APTOS_TRAIN
e2856afe62c5,05bc54877866220cdea193f715d50163e1c98fa0218a21db158664bc403b51ba,APTOS_TRAIN
8b26d3cd61e8,79302a3bc455f73f93501e06767244b2c41eb983a424f4f58d0149f53a07550e,APTOS_TRAIN
547b37da9223,6aac18cf0f867d34b496abd632f1326129917496a5d2a89d28ed40656719afb1,APTOS_TRAIN
e03e70bc8bba,6bfe230068c4391e11f29fe3c958e91a941315e90316b21ed4e058d9949d1c08,APTOS_TRAIN
b82d5f1f1145,13739cca9fa4d1e77a3e82876c56e54763dacaf1b49e5c76d344ef5a89e61131,APTOS_TRAIN
06024377d573,b392ae7e0a5c038886ea04a8d71f0a83d22de7939d7e4a71f6633e41416d8639,APTOS_TRAIN
3402124408ea,e3f08b3f69f530572082321cfe443d2adfbb5e16db556debda3f5f3e94374184,APTOS_TRAIN
1e4b3b823b95,82333d0ddc13bf86636375e49c20d122fd7fa242f5e34f3d9d3ad80317b159ca,APTOS_TRAIN
d9311f7497cb,24b965a9e2b457b9451faaa370cf5c6e1e5ee7672c9550f9dca094f28c0a1145,APTOS_TRAIN
7743f4e04a6d,5c1f1792a9545d06fbb0ff1e5198fdefe7799e7a9aa8cdae29ee74ef52e4843b,APTOS_TRAIN
663a923d5398,f25ea819287eaf694e62f08f0d97f294994dad02c6ceac4a1d95d6f5f28163b2,APTOS_TRAIN
9d9bfefa809c,23a24e2115fb29e480aec02c0a7c88d437456db4f1c4a23a44aa8eb2aeec5f7b,APTOS_TRAIN
1411c8ab7161,3f1adaf9e24263177cf7769ffb3f88f753e288ccc4d2d1d578312ac2b60d9b3e,APTOS_TRAIN
af8aa32beee4,849bf5517320ced6192b2f760331e704d9f2b9b4612ef34286cf8231320e487b,APTOS_TRAIN
0fffa73e2402,13763c9cb8077c0c2061ab836dbf627351dd2ea9d9ba0ce66988d1e6f5c4c2d2,APTOS_TRAIN
e229aca862c7,63e3ab620afb4a463711d67c0c58c6510c01ebe1e30565bcbacf63334d8cecb4,APTOS_TRAIN
d29096bd94aa,b90b4cefb160985539ca27fb02372639a6b39e8bf19956eb6ae75defa0eb1e75,APTOS_TRAIN
07a3be30563b,d2e7d4ea003a439fac021ba66bd32449b8b9eb257e25cd24bcc15a6dd9aea693,APTOS_TRAIN
4ed31cc07366,e7b3a6570abef6d12070a30ea5ac7c8fe3b35e5a6004ad35bfacb36a50024bf4,APTOS_TRAIN
27b68863349f,2b1944ffa4db78856a83bbba2e2ae84d06b2971921d60a8f55234a67dc209e27,APTOS_TRAIN
a15590a7d774,03135ee09ffa17f472594750289fd780855467492833f77d77fee61894aac993,APTOS_TRAIN
a49b0b4484ea,032dc113c5f97945e2c0981f5586293260d2ae41e0caef615f725689923b8d5c,APTOS_TRAIN
4e7694eebb91,ea4946bfb001a8cf38bbccbebedba8f9148cbe77b545d62aae4b60dafb00a18f,APTOS_TRAIN
2f5c9cdfb333,094d05525d281ba558ca9bf7d03f00f6c22d5a694706aacf10c3e9a51a1a7701,APTOS_TRAIN
17eb5d4ad740,0c43f43e6bb88da4a83055a50be3383961be854666216ce34054e691a41444bf,APTOS_TRAIN
261c6bd63bff,bc2a2b3f4999441b6343544447158091c2b18e6973d1c1ea00bee0535f959bf3,APTOS_TRAIN
d1fb4efb117c,6f67fc069d75ae9afd4242ef8fc6618976550abc5bd18e9650f6860aa0298fa1,APTOS_TRAIN
0180bfa26c0b,ea5450a0ab94ab9bba3d11d0497cb8dcf7a497c0f1f105b2167c9a4483899512,APTOS_TRAIN
13d71389563f,a4d9cceea0dce08271dd696570bdf073be3a9672e1870a8c7018978329701924,APTOS_TRAIN
df5ce3ea7820,36fd4921d5a356dede0a0933251f3effc2eaf2afc1ba86965f024581f86ab1fd,APTOS_TRAIN
0161338f53cc,72f2fcd5283992cd1dade0695837b77470ae51eaa84e9252855d702b39d2b149,APTOS_TRAIN
40527a5e95dd,f2f99744be6a6d2c18f4f6e692a01eb3281583cda08d063267a98662e2ca829c,APTOS_TRAIN
8ab8d9b3ce3f,b8617f0a99ca6c90d771f03dcae91142d75aabb8944790d99b183351d43a2384,APTOS_TRAIN
01eb826f6467,392cd1076180fe2b2bf548af9d3afebf2cb98dbc0f9dc5d948cbaf16ece866fa,APTOS_TRAIN
9f436886e056,ce91ee473cd56e2e60b2b53ab75741ab665c452fc06b69bb1497af5cb2493ced,APTOS_TRAIN
97bf61736b86,ad527eb4753e20c64a655fccc312e33878861149ab721a18b02eaaeade7b88e7,APTOS_TRAIN
b0cc9f8d06e4,76eaf965c14589e8a907dce237b3862bd27dfbb7b81526e464e2f1d80f929304,APTOS_TRAIN
157d17349cc6,9b332c25a1c00b9835d38c65f129d91722561c59da7600efaa9992ed599f76f9,APTOS_TRAIN
92d8a7c8e718,0e119672d74687f40802ff99aebd2e2579e3f75f308641f9a9bb2fe19809df54,APTOS_TRAIN
79be2ff796bf,932af26e0f77a09d6d4f7ce471accc011defce1fa087b1e54a9c52abebef2636,APTOS_TRAIN
3aa2b1ce6700,09b15714704daee9262853b87919776bd3faf5e281354267cd7b533f1165d03b,APTOS_TRAIN
0fcfc6301f3d,fdab6c0a0f46d5c72e3cd6264830b48878866886302bd7a10fa946ca139fe23a,APTOS_TRAIN
246e4506824a,ba9ec23fcd6fb6f1c3e6eae23a7a52fe54e11ad0514ea72a35b192f7e102df28,APTOS_TRAIN
26e231747848,66990654ca8d2d26837ac4ac59505c731b602299bc1111f500dd6343206a6abd,APTOS_TRAIN
c48ae5da188e,52b15c32a5a81fa87bd61e39f45c280ac5983d64ccdad0a3c80ec3aeeb4c7bbc,APTOS_TRAIN
51d780864365,1d05e3eb2931e5801dd9f86b390dc62bb2698ac07d28d8ac5b228941cecc905e,APTOS_TRAIN
a87f53bc984a,c8fccfa0b5a2919b6bb5ce5a74a3d02dc1381b5de3521b19483abbe361f42092,APTOS_TRAIN
af3b0115aad1,e5154a700947ff634ad0b73beb842da2fd50fdfc81702b478c6dc3db8ac0706c,APTOS_TRAIN
810d3779abd9,759041a007ce2c2879ddfd681f795b110aadef2e58da2fa8770d00cfe42f3c1f,APTOS_TRAIN
7b49041cbf17,8748cb350d8cbfa369e3f9d008c477579d93697d7d2193ac2765b30abeade09d,APTOS_TRAIN
457c7c927e27,b25b1f805726c69bdcf96eb30ae771d5aa8f97d642ba0874b6d443895c8ae8e9,APTOS_TRAIN
772af553b8b7,62471f4eaab2d9e5481f4a6682cc00b69ccc2e034f04b70ee6305127f7d3abe5,APTOS_TRAIN
80ca40196225,a1afe8d2e3df01306bcc3bb2aa811561d981e34507a6ac294f145804fdd82505,APTOS_TRAIN
383e72af1955,70a3dac3f1d270a6148da7fd1eb02f5b1f4a21acac1230e6182a3cae38caed7f,APTOS_TRAIN
ad2f0b9d059c,fe1f6d6bc3a57e90afbc3ecd95907aa56cde0e07aa5e03ac5ec7e52fa4ac8406,APTOS_TRAIN
f092febbf5c0,3999247c1b50a081df31b3482edc0461c574c1903f81ee70ea446f50c20779fe,APTOS_TRAIN
4df6a81b476e,081e1972adf4fc5382ad171a301f3bb08b0da711bcd47f0bec84ff80cc7f06d8,APTOS_TRAIN
e32a359be36d,58158a93b60c092a0750620abeab8e01554a7e24555e755d784d01068a714c43,APTOS_TRAIN
bb5083fae98f,3e008fdcb0fc51952399324738f3efc46d7c2ec1a37ca8e7ca34c30a79b9c442,APTOS_TRAIN
916ec976ff30,36ca0260973cdf94188172e9ad7d074b47ba7b301189d3f77d73958a8f12c7ed,APTOS_TRAIN
f6f433f3306f,974ccf4e2341fbc40ace6a4ca2462f0116905bfdc1fbae72d185aa6c12cd3650,APTOS_TRAIN
5b3e7197ac1c,e3237d02c44e8b76bd20e6acf63b1283c5b8c7b322462efcad601b792c465977,APTOS_TRAIN
05cd0178ccfe,c6aa3c6387291327f7d4ec1e07e26074646fe6c1ebb9b9a06fc898ba7e193d02,APTOS_TRAIN
a763661f98a5,eafddae1f652e2132c11e7ed3a8b89d9c164f7f8d38042db9eda963ccb4a33fe,APTOS_TRAIN
03c85870824c,36cfad57da796262ea3e7ec30fc059b094f6c0af358d49d7193952a2768f839c,APTOS_TRAIN
dbb2c63f6f08,a91e0b42c42114d7f4e143181176a5d91db042fe1ec9c32434d125d0e58bbe6c,APTOS_TRAIN
f080a22008be,2415ef5827cb33341bc7e35f1de6d33420ac26087cf235ce8102392acf2868db,APTOS_TRAIN
e1900014dabf,b09a2be9a24ff2675878be45519ecb8bcbd00e0adf546e4035ffd484f8c360a0,APTOS_TRAIN
9878db94d9f3,838f43cdb5eb9c6a29d082b41d6498539071691da5accf9c44b909af000bc04a,APTOS_TRAIN
39aa3cd93c50,a298166fab13878271b2d6ba4a5b4d352593a52a24a18cd3b774da3f60c9f698,APTOS_TRAIN
51269b77d312,fa2fbfc7c7bf975f05ffa3c0c8f918eafcdf9b2cdf48b929ddb8b6b9963977da,APTOS_TRAIN
6fb656d506b2,ac438deda885263f778530f7c14a890688baa52e9cf1a62039ca341c942f6fd1,APTOS_TRAIN
6baafa56895c,cce8153a29a1df5feb41fdb81f514ee208fa35d8172b74e4b2f6eb46f8fb8b14,APTOS_TRAIN
910bfd38e2f5,214fbd72b614bb7a4461db73fb478c3e899bb5a63b58f28ddbd12d6b75a10a09,APTOS_TRAIN
e19936582c61,fc67434b596a3ed75ddd5aaa7721560d43c9bc51222d56f0faea9bb814a2eaf5,APTOS_TRAIN
bec0acd539b2,c79bc5791bfdc01852a49a94cb4170117ddb874e18f5aff576d9b702e3968d89,APTOS_TRAIN
4294a14c656a,d5c1a4dce3873a7a42d9b72d47834fe11d5549e008111730a2af4a6f1d62326d,APTOS_TRAIN
4c9f0fdaaef7,0960f5d4b3e8e4b5a14b7889e9b67f7bc5438a5f52223f962cc4449f589ae30c,APTOS_TRAIN
e0b5a982a018,c0cad22adba4dbadcbbb138a5a84a0555a89ba41526195a726f51759292a8b0a,APTOS_TRAIN
913490237ad4,35b1392517b550b0dee14459a8634b17c2be8048ea091ae0597b19a83b9e4f14,APTOS_TRAIN
3e3a3955b9c5,80b24876f0a4e960cbf61ea1d238aab8d6d18a164682c039e667dad3db2ca55f,APTOS_TRAIN
9bafbbd152d2,1214bee0771205444abcc1183c25d6f88e7d4e118058785cc0b90541ecd2352d,APTOS_TRAIN
71a39c660432,f0be3ad143eaa54e5272138d356598bbf61145e07288d19bd85d6d228664fb23,APTOS_TRAIN
8688f3d0fcaf,be28025635c8181ed2eb9fea388bb4d258f6533f3c865847f8071893d7ccf5da,APTOS_TRAIN
b960142a8de7,3dd3cca578b987c2d4eea6780e36c27164d44ba97830183f2c0ec285b62a7393,APTOS_TRAIN
237c078d00fc,4f879c1b997cb2047b4d86b0a73f22ec1e80a87cddca42043106cec8a7bd4a1b,APTOS_TRAIN
3218a6d8eb2c,582990091f164daa35553b67b40352aeeff1e7b1b43f9103054c047a81820f6a,APTOS_TRAIN
d868acdccb5b,cc3a7fd6160d763fac1c06913d1acb284eeefc717d860f0d9cb7bf060beb1e1d,APTOS_TRAIN
4d9fc85a8259,2a6b026d3fb6acdaa9e26ba7ad641a6bc1da4a5f08facd97bfffb2cb8156ac5a,APTOS_TRAIN
c0a0828e01b4,4a0172ce7f23431cd81f9a01de87c1fb0fd735e77bcaa9e9af91421594013167,APTOS_TRAIN
c5a9ebef1517,8c21affc6efca67bb0ada8411da36c07d52003e7e690960ce7e8884b74ecc82c,APTOS_TRAIN
2665f72e2dd3,03a08e811413da893d983aac7b64246ccfb4550e64acdba6724a712ee4d0155c,APTOS_TRAIN
5f13e8a07344,bf99d85d3f60e1282f1e0c460f4f32d13aeb2b551e59649fcaeeb4b8d29c0656,APTOS_TRAIN
f9156aeffc5e,31fb60d6a075352fd929e1f72d9ecb3844152c187b70af6c282934a245854041,APTOS_TRAIN
6b128e648646,7f981e1fa7ba3a8d83015b84c2a65b4d84757ccf4f084be098140049cbc981da,APTOS_TRAIN
6a244e855d0e,092ff3f164917b72913f822b38979703926ce73ff46bb9e564426d8268270072,APTOS_TRAIN
c67117c6ab3b,ddbdb14be93d92660c34ca773da72275f763852509388fa0f57cf62550515e61,APTOS_TRAIN
86d6808f0609,e57166a77aa004b0da13d55433822782affff4a5459c041d202f00aaec86da40,APTOS_TRAIN
0edadb2aa127,218474d644b66d9e828a2909b5ed7271a345025161ea6498a6770eeeda9afdb2,APTOS_TRAIN
3b018e8b7303,916f842c808031d456a255cc31972b8408134ba9cdaaba299c3339b20cd5f7a6,APTOS_TRAIN
ed6704e3b72e,8212d3c77f5a5ff55e076b7a3644c7e3705eecd1886bed62f5984da287920558,APTOS_TRAIN
19244004583f,fb98cf103f35f8a0e78e91e90699a26d08d857a8081e16da1363d56617139d38,APTOS_TRAIN
069f43616fab,e03cdae9e9edbc34e24a7d3ba1be1842007aca7215dfaddd515cc44ffcc0f244,APTOS_TRAIN
aba3063c5413,4da6c59f432df69d1a0411012e9f732a5f4d4bd1d59fe0b61c95053d4c1b6d8b,APTOS_TRAIN
d3e884109b45,c8a303bd2565edd9e590ef2a6e593b6fa21969fac3587838f7d0bb40f18f2f92,APTOS_TRAIN
a14fcf84bfe1,65015c8e4924dbef502eb344902df403f452a55bbbcc4e71d8f82d14b580867f,APTOS_TRAIN
e13412678eff,3aeae679ea4278ae8c81798245c9d07abe86af01fc1af5b0920b6ddcc96db8a7,APTOS_TRAIN
c31651ea04c6,9a026e8ba45636d524eeb9dd5ea5974c0c0635588ec13dfb02cd65fa41843ab9,APTOS_TRAIN
4360a112db10,10df804df9e1e911a09e525c210b078d0ef8efe5b66f42291f06c0576af32f80,APTOS_TRAIN
0f882877bf13,959b7081c963f5b8af82acd54ee26b4bf12016f75aef9d516261141143363348,APTOS_TRAIN
adb56cecafaf,5da43747b82682cdd28aa95c7feec1a5fd0b59346dbebb9882b66ff374e67481,APTOS_TRAIN
b3d135bd3bb5,6c166309cde6d0b0dff853942156b5093abdb314e5b794df957d8ff09e8ba087,APTOS_TRAIN
070f67572d03,b022cecd106abfc38385c0183fd9ec702f40cb5c349c08f758082a092eef9673,APTOS_TRAIN
72595230840c,e7b62b51374c7321c303d898e2370f3e65c1c8a445876f538fbd04b18cbb450a,APTOS_TRAIN
c9ea9d5eab65,8e72f801cca48313fe72c57119ae0ddf4bc8758c979f3e1a0cada62dbd502f13,APTOS_TRAIN
42cc993f23a9,ffa8f58e7d3ff8a203c1d9e1421c469ec520e5186a7ef11ac335d30a7a5e123e,APTOS_TRAIN
8201cab8322d,bd0a310cf64576596cdcfb3f02e913c40e62ba08cb5f3e6cb14a380c5359e7c7,APTOS_TRAIN
299086c6d1b5,7ca5ce27a9f573a3e45007f532d8ed67dee1e69d2902766f212d5ed465cf1338,APTOS_TRAIN
352e4a939242,7425e3da8226149010945737c10fb0f2afe47005944c5c3f540ba8e1cee0afd3,APTOS_TRAIN
b310bd564329,dea40beaee744420f1a025d1bb72cd2f011313027b26835a6044672d69000b7e,APTOS_TRAIN
2bbd1f99ecc3,d06c3e6c31951ae21efe2b9e8cc72184a3519a22345e1136b0ceddff9047a88a,APTOS_TRAIN
38055d8b9f08,bc75f0a49e651981b32b083b4691c78bbca3b1f50c399cc842da33f20d3f38ce,APTOS_TRAIN
499c8df39222,878479d69d9a7559cea8d97defe08d85275162ac16545693542fc482e69cb3ef,APTOS_TRAIN
02dda30d3acf,0987b2b0c388752223d11d21632a3b301b37fc364c3c1acd2b514f443ab072b9,APTOS_TRAIN
4dd71fc7f22b,2813156139e9f27edef745ecce218d242de4e6da3eb9fd81c68dea9344f1b1db,APTOS_TRAIN
61bbc11fe503,bfadfcb1f9276b07b585ec389842d0a0f512bd38c19a8dcfbdaa29cf5e43d1a4,APTOS_TRAIN
66375b3c64db,6f37fe6c9c52893ead781b9f7f84dbb296c01ea22ce27ea1d44f4f5e737dd424,APTOS_TRAIN
0083ee8054ee,47cc5ecdd63df3daf7174d51366100b726cc95a910527b29d259308b1dc3c498,APTOS_TRAIN
d10ef306996b,c7ee4d320b4422153aef7144e697c900774e852101414baaa02f942b204a5c88,APTOS_TRAIN
6cfb7b44ef6f,37c0b986091deb6ac402662cf49cedba05114223faa7d8f8cf31b1c88234a604,APTOS_TRAIN
cf1b9d26d38d,44547d54c5f775cd9b72505133295cd5389d1f591ef4191fe15da4a5c1a63328,APTOS_TRAIN
64fedbf97473,cfb359210648acd18e3927fd3186aa351821a6182b35c50639987899d68db8a5,APTOS_TRAIN
d48178e4a49b,a2eab58ed0729682d2f0084779bfe08772bc378be74492c42e742514f2c32238,APTOS_TRAIN
4a7dc013e802,0ca7b5cbc67e868770ed0c603e9b98774c0f59b4e3060af9cab3acd23cafc8d5,APTOS_TRAIN
bdff5d8bddf8,3af663976156577829e816d354dbbccf2bce086806c621409346a61d2ef6ee06,APTOS_TRAIN
e821c1b6417a,2c8a559777a52df422f65511b25ea78cde5ed6d966acf9d0643b9276d3e1a10f,APTOS_TRAIN
21abd36095a1,ed3aa0fd41b4da02cf6293d125074703f57b81ce4bb19220227a5cf4865056e4,APTOS_TRAIN
2017cd92c63d,08875fb8213720e57a2b60d48039c7b4db0a9184c7eadd3d65edebd810f835d7,APTOS_TRAIN
5c7ab966a3ee,67093da8f76d758465739835ddc01142feb3edcd0ecd8673dfa1bc117b40ed6f,APTOS_TRAIN
374535e0adb8,a3e25aac60edce13aeec137435c5a5316fd35ae66cbd4eda4ee4f4405fb78624,APTOS_TRAIN
d51b3fe0fa1b,3829474155ff566cfafe3f3cdb7cb37ec194a8cb6816331d4317e223789de012,APTOS_TRAIN
bfdee9be1f1d,e3fe3807df82f8739e21c4c2eace0a5c584a46d7d695374796ca71a104f55bb0,APTOS_TRAIN
7e4019ac7f5a,575bd8d121a9a2e71c96465b9b94042c918f2716b63795a2e9eade3a9d6b8e74,APTOS_TRAIN
f1dc26c4bfa3,d504e164139621eefad7cb61a9c670dd062f4996dc741a7346aa32c4eb70f153,APTOS_TRAIN
dad71ba27a9b,58b9942f71d904774caa416850ac4bdf35dade28b52d86724cd434c2708e0577,APTOS_TRAIN
664b1f9a2087,896f4b8e1efa3045cd31cbfadabfd1916da0a2ab0be9400d47c5d6ad50bb1a99,APTOS_TRAIN
ab1c20a94f3f,11be676d717b884c8242f9e933b777ccaeabe6f36aa2efca470eb7c7b9e3188c,APTOS_TRAIN
ba4d2c4b3039,e155cdd97f91817b98486d6b815981ddfe3242c20ae24e4636a2bb0b878485e8,APTOS_TRAIN
bba38f2294a3,09d8bae300bac8f30d6fcd1bf73587b2a13363d5eec7903fdeff58059dac7135,APTOS_TRAIN
8d8aca52c07b,f1cdb37c3447d4d3db0689d0c858143c05a72eaae89e0bcd517103625dcecbe2,APTOS_TRAIN
aeed1f251ceb,23f2c0cab0903f13bc9294d028363baaab4cf5b457abd0a1c1de6c8daee9494e,APTOS_TRAIN
c3d12a23f451,c35ecfadffb93b8d9584a5b7f4763a49d38876c501349602e24225826b4e9591,APTOS_TRAIN
753b14c27c83,ed986e8670d156ad6dfa5bd6aad35f9514ae14b1ccbf383955afeeeacba7d43b,APTOS_TRAIN
3c78bfca247b,554a0c86868aa615299943884e079c07c34b084fce4dbad0a2bb43f98368af13,APTOS_TRAIN
3b232b394e4f,d72ac631670bc4e978db5ef704a20f6f85d8e487432a0693cb6d83b758c3824e,APTOS_TRAIN
0e82bcacc475,4cd01021752244e2a4765eeefa2a274c260300852f3373581753236f1e588176,APTOS_TRAIN
bd9904495ccd,176627fa0ef17a089725405fdbe8a5b71ec2902ee106f4dc411c1ada7ba8b48f,APTOS_TRAIN
8ae049175db6,769ad33c954ba49a404141dfa0fa2dedce8d69806f08731999b06a4c4da35a45,APTOS_TRAIN
5dd2e26fc244,1444e34b5cdc4985ac3016fe4a179ed5a7f3df1782cc464e4fb548cd049628b2,APTOS_TRAIN
f69835dc7c50,f955072be1f7ebb89a80315f443ac7c6cee92cef84ea41691b0ffaea1ebeb696,APTOS_TRAIN
4a3da369b227,a3f1617b62d322f26f2c6a9496a50e16316f61e1cae1c077f6009066ed665694,APTOS_TRAIN
f58d37d48e42,4eb23f8836b28ba14bd21314df00787ced0c4337ef3a5a6d4f30c0a997ad0f29,APTOS_TRAIN
78b3f819dcc5,799514573d9c4d0a1619dba71c0d33b3fa1e16b79a7013a39de0d0fdfd8a876d,APTOS_TRAIN
312694ea8e6a,dac205337049a21b04ebf9de261b7ddb7d052283e72489bdbb65c8c2f38a57a7,APTOS_TRAIN
2fe06bedb2c4,a8357f17881e2f85f27f208eaaca026eb547742a9fa6aba8e10ff0d638bc4be0,APTOS_TRAIN
080f66eedfb9,2c6f015beb72d2b8c0f7497433f22990d7eb595a04873983987d04d5bc3746dd,APTOS_TRAIN
a81b06f50612,57343e1a6cdf3aa129cd92392dd78eac757476510b5017593ffe8851ed9dc209,APTOS_TRAIN
b96b518596b3,29e35d6eb2a5677056cdef45e4a7ae46f43cc7b4ddd117f35e7a36ca21e29796,APTOS_TRAIN
e9ab8413e771,9ca3ff305572a5063f53bbd57368d19670ae294c87c2bcc441f344ba7836a8a0,APTOS_TRAIN
8596a24a14bd,4d502e365af0b56fcbb3268f40df05a93b7d73be8fa94fc351e76d4583400e80,APTOS_TRAIN
d0b132d2c7ec,5e327bbcd2524e1a615c61c4a8a5c9fe449d9812d4bd7de8c999bdbedb5380e3,APTOS_TRAIN
165cd2070ebd,3166f443e8ef869dc5f5903ec8e6f3a9891dd2a73392fb276908289775e16093,APTOS_TRAIN
b87f9c59748b,21914aa4519b18722f5814ba464c12f2e74dc7c0a511c8d2a5a1c6d57cb74d35,APTOS_TRAIN
62318d514160,3601a774286a1473cb466aac20dbcdc109ac8a62486ebe567ac69cb8dd15ca4a,APTOS_TRAIN
97da093947e8,b1d3bfcbe0c4c2e343142737a0c769f13489eccd5c5e8744c8db4178f2e2cda4,APTOS_TRAIN
63b4d030b016,3bc5fb8e03dbeb70ee8db34ecf59e75bbb7884daf5cac138a9d91ef0b8f5fb14,APTOS_TRAIN
02685f13cefd,15454963c03c67369cc3d10bc3459b8e70e22a2685eba0ce184796b2332cd638,APTOS_TRAIN
0981195eb9fb,425387fcf6a85353c42741c1d7ea6e8d829f78133a356aac39ab74c55938f7d3,APTOS_TRAIN
7b211d8bd249,44ca69f931ee121369558717f8a1127902c1e1b6c978d5126021cf13d65708fd,APTOS_TRAIN
b77b8a1f09f1,00e29213412bdd1d4a2cf271bcf8f35bd1aeb9c10e09fccc591a136e4f892cca,APTOS_TRAIN
cc3d2e961768,fe888502bc31b4e07412b43d5e1598bad6b136ed6d8d54270a784bc121efadf1,APTOS_TRAIN
3ac3fbfca7d4,476ff4008284290339636f8a71d3521d84c614d4dc8a54612210490c9564b700,APTOS_TRAIN
702de9dcde32,ddbc94fa131fd2620112de06d98d5659c64620f04b71202ede1d175f4fff61c6,APTOS_TRAIN
3a6e9730b298,f57bd8ab9962ef5a768701fb304bdbe49d40bbc08c3c3de0611efb38e947e064,APTOS_TRAIN
a182b5b191de,8d7bf007be7b470f2f381ef7636752553e91ee936b75c91674376d8c10d96920,APTOS_TRAIN
55eb405ec71e,703d0e748fdcbe01cb651086c3507268157b5de80b2ace4ac9eee44d942fb7c3,APTOS_TRAIN
f2d2a0c92034,53d7c21e67e3f1f6581918c93617c4401309e8839dfbd93f88ae7d47bf53ce09,APTOS_TRAIN
51af8c112682,6b0f3beb97a0a3cafa3c5b7f1f04cff7cf4983394c10e8f8c92ed1344fd7933a,APTOS_TRAIN
a0cd7bffdaa0,ca0d1a4de89f0cff75d2ec09b307e2a1fd20fb6ea3f5dd2629da89838c4a113e,APTOS_TRAIN
5b76117c4bcb,6387dfc4a82d006dd1d2914319be2227b457b8fd456b0f36bb4519afd99b18b9,APTOS_TRAIN
8db2ce991101,6f52415b619dc27bb43c228235d2fa8b54c593715ff6d070ab562c3937435d6e,APTOS_TRAIN
0ada12c0e78f,3a1c00206ac103cb8d168e6f8c0b3cdf0485268f91a9d838cc1f50e361e1bd6f,APTOS_TRAIN
8f318a978844,d843ea29cf0ba9bad2deba295b9bafb7843177305f7923e8217a7b43a7cc7737,APTOS_TRAIN
d2901144070c,955212537df9561f0275636d07ab08225494b537c727eb3c87f938a6b7d29e0f,APTOS_TRAIN
7c629b491d1a,16e7d6da439589759870733ea33e1c062bc555e26e41fd25bb476776c386356d,APTOS_TRAIN
875a2fc5fe23,56c7bf4e51db1aabc4fff45fc7b6e0565490342da12b28e3dbb9075000bbc82e,APTOS_TRAIN
1b32e1d775ea,67b649be0d71f66e995d061dfbef2d37102030c6dbbe8eb7c024d8cd6235bd8c,APTOS_TRAIN
