image_id,split,image_path,ma_mask_path,he_mask_path,ex_mask_path,se_mask_path,od_mask_path
IDRiD_01,train,D:\RetinaGuard_Data\idrid\A. Segmentation\1. Original Images\a. Training Set\IDRiD_01.jpg,D:\RetinaGuard_Data\idrid\A. Segmentation\2. All Segmentation Groundtruths\a. Training Set\1. Microaneurysms\IDRiD_01_MA.tif,D:\RetinaGuard_Data\idrid\A. Segmentation\2. All Segmentation Groundtruths\a. Training Set\2. Haemorrhages\IDRiD_01_HE.tif,D:\RetinaGuard_Data\idrid\A. Segmentation\2. All Segmentation Groundtruths\a. Training Set\3. Hard Exudates\IDRiD_01_EX.tif,MISSING,D:\RetinaGuard_Data\idrid\A. Segmentation\2. All Segmentation Groundtruths\a. Training Set\5. Optic Disc\IDRiD_01_OD.tif
IDRiD_02,train,D:\RetinaGuard_Data\idrid\A. Segmentation\1. Original Images\a. Training Set\IDRiD_02.jpg,D:\RetinaGuard_Data\idrid\A. Segmentation\2. All Segmentation Groundtruths\a. Training Set\1. Microaneurysms\IDRiD_02_MA.tif,D:\RetinaGuard_Data\idrid\A. Segmentation\2. All Segmentation Groundtruths\a. Training Set\2. Haemorrhages\IDRiD_02_HE.tif,D:\RetinaGuard_Data\idrid\A. Segmentation\2. All Segmentation Groundtruths\a. Training Set\3. Hard Exudates\IDRiD_02_EX.tif,MISSING,D:\RetinaGuard_Data\idrid\A. Segmentation\2. All Segmentation Groundtruths\a. Training Set\5. Optic Disc\IDRiD_02_OD.tif
IDRiD_03,train,D:\RetinaGuard_Data\idrid\A. Segmentation\1. Original Images\a. Training Set\IDRiD_03.jpg,D:\RetinaGuard_Data\idrid\A. Segmentation\2. All Segmentation Groundtruths\a. Training Set\1. Microaneurysms\IDRiD_03_MA.tif,D:\RetinaGuard_Data\idrid\A. Segmentation\2. All Segmentation Groundtruths\a. Training Set\2. Haemorrhages\IDRiD_03_HE.tif,D:\RetinaGuard_Data\idrid\A. Segmentation\2. All Segmentation Groundtruths\a. Training Set\3. Hard Exudates\IDRiD_03_EX.tif,D:\RetinaGuard_Data\idrid\A. Segmentation\2. All Segmentation Groundtruths\a. Training Set\4. Soft Exudates\IDRiD_03_SE.tif,D:\RetinaGuard_Data\idrid\A. Segmentation\2. All Segmentation Groundtruths\a. Training Set\5. Optic Disc\IDRiD_03_OD.tif
IDRiD_04,train,D:\RetinaGuard_Data\idrid\A. Segmentation\1. Original Images\a. Training Set\IDRiD_04.jpg,D:\RetinaGuard_Data\idrid\A. Segmentation\2. All Segmentation Groundtruths\a. Training Set\1. Microaneurysms\IDRiD_04_MA.tif,D:\RetinaGuard_Data\idrid\A. Segmentation\2. All Segmentation Groundtruths\a. Training Set\2. Haemorrhages\IDRiD_04_HE.tif,D:\RetinaGuard_Data\idrid\A. Segmentation\2. All Segmentation Groundtruths\a. Training Set\3. Hard Exudates\IDRiD_04_EX.tif,MISSING,D:\RetinaGuard_Data\idrid\A. Segmentation\2. All Segmentation Groundtruths\a. Training Set\5. Optic Disc\IDRiD_04_OD.tif
IDRiD_05,train,D:\RetinaGuard_Data\idrid\A. Segmentation\1. Original Images\a. Training Set\IDRiD_05.jpg,D:\RetinaGuard_Data\idrid\A. Segmentation\2. All Segmentation Groundtruths\a. Training Set\1. Microaneurysms\IDRiD_05_MA.tif,D:\RetinaGuard_Data\idrid\A. Segmentation\2. All Segmentation Groundtruths\a. Training Set\2. Haemorrhages\IDRiD_05_HE.tif,D:\RetinaGuard_Data\idrid\A. Segmentation\2. All Segmentation Groundtruths\a. Training Set\3. Hard Exudates\IDRiD_05_EX.tif,MISSING,D:\RetinaGuard_Data\idrid\A. Segmentation\2. All Segmentation Groundtruths\a. Training Set\5. Optic Disc\IDRiD_05_OD.tif
IDRiD_06,train,D:\RetinaGuard_Data\idrid\A. Segmentation\1. Original Images\a. Training Set\IDRiD_06.jpg,D:\RetinaGuard_Data\idrid\A. Segmentation\2. All Segmentation Groundtruths\a. Training Set\1. Microaneurysms\IDRiD_06_MA.tif,D:\RetinaGuard_Data\idrid\A. Segmentation\2. All Segmentation Groundtruths\a. Training Set\2. Haemorrhages\IDRiD_06_HE.tif,D:\RetinaGuard_Data\idrid\A. Segmentation\2. All Segmentation Groundtruths\a. Training Set\3. Hard Exudates\IDRiD_06_EX.tif,MISSING,D:\RetinaGuard_Data\idrid\A. Segmentation\2. All Segmentation Groundtruths\a. Training Set\5. Optic Disc\IDRiD_06_OD.tif
IDRiD_07,train,D:\RetinaGuard_Data\idrid\A. Segmentation\1. Original Images\a. Training Set\IDRiD_07.jpg,D:\RetinaGuard_Data\idrid\A. Segmentation\2. All Segmentation Groundtruths\a. Training Set\1. Microaneurysms\IDRiD_07_MA.tif,D:\RetinaGuard_Data\idrid\A. Segmentation\2. All Segmentation Groundtruths\a. Training Set\2. Haemorrhages\IDRiD_07_HE.tif,D:\RetinaGuard_Data\idrid\A. Segmentation\2. All Segmentation Groundtruths\a. Training Set\3. Hard Exudates\IDRiD_07_EX.tif,MISSING,D:\RetinaGuard_Data\idrid\A. Segmentation\2. All Segmentation Groundtruths\a. Training Set\5. Optic Disc\IDRiD_07_OD.tif
IDRiD_08,train,D:\RetinaGuard_Data\idrid\A. Segmentation\1. Original Images\a. Training Set\IDRiD_08.jpg,D:\RetinaGuard_Data\idrid\A. Segmentation\2. All Segmentation Groundtruths\a. Training Set\1. Microaneurysms\IDRiD_08_MA.tif,D:\RetinaGuard_Data\idrid\A. Segmentation\2. All Segmentation Groundtruths\a. Training Set\2. Haemorrhages\IDRiD_08_HE.tif,D:\RetinaGuard_Data\idrid\A. Segmentation\2. All Segmentation Groundtruths\a. Training Set\3. Hard Exudates\IDRiD_08_EX.tif,D:\RetinaGuard_Data\idrid\A. Segmentation\2. All Segmentation Groundtruths\a. Training Set\4. Soft Exudates\IDRiD_08_SE.tif,D:\RetinaGuard_Data\idrid\A. Segmentation\2. All Segmentation Groundtruths\a. Training Set\5. Optic Disc\IDRiD_08_OD.tif
IDRiD_09,train,D:\RetinaGuard_Data\idrid\A. Segmentation\1. Original Images\a. Training Set\IDRiD_09.jpg,D:\RetinaGuard_Data\idrid\A. Segmentation\2. All Segmentation Groundtruths\a. Training Set\1. Microaneurysms\IDRiD_09_MA.tif,D:\RetinaGuard_Data\idrid\A. Segmentation\2. All Segmentation Groundtruths\a. Training Set\2. Haemorrhages\IDRiD_09_HE.tif,D:\RetinaGuard_Data\idrid\A. Segmentation\2. All Segmentation Groundtruths\a. Training Set\3. Hard Exudates\IDRiD_09_EX.tif,MISSING,D:\RetinaGuard_Data\idrid\A. Segmentation\2. All Segmentation Groundtruths\a. Training Set\5. Optic Disc\IDRiD_09_OD.tif
IDRiD_10,train,D:\RetinaGuard_Data\idrid\A. Segmentation\1. Original Images\a. Training Set\IDRiD_10.jpg,D:\RetinaGuard_Data\idrid\A. Segmentation\2. All Segmentation Groundtruths\a. Training Set\1. Microaneurysms\IDRiD_10_MA.tif,D:\RetinaGuard_Data\idrid\A. Segmentation\2. All Segmentation Groundtruths\a. Training Set\2. Haemorrhages\IDRiD_10_HE.tif,D:\RetinaGuard_Data\idrid\A. Segmentation\2. All Segmentation Groundtruths\a. Training Set\3. Hard Exudates\IDRiD_10_EX.tif,MISSING,D:\RetinaGuard_Data\idrid\A. Segmentation\2. All Segmentation Groundtruths\a. Training Set\5. Optic Disc\IDRiD_10_OD.tif
IDRiD_11,train,D:\RetinaGuard_Data\idrid\A. Segmentation\1. Original Images\a. Training Set\IDRiD_11.jpg,D:\RetinaGuard_Data\idrid\A. Segmentation\2. All Segmentation Groundtruths\a. Training Set\1. Microaneurysms\IDRiD_11_MA.tif,D:\RetinaGuard_Data\idrid\A. Segmentation\2. All Segmentation Groundtruths\a. Training Set\2. Haemorrhages\IDRiD_11_HE.tif,D:\RetinaGuard_Data\idrid\A. Segmentation\2. All Segmentation Groundtruths\a. Training Set\3. Hard Exudates\IDRiD_11_EX.tif,MISSING,D:\RetinaGuard_Data\idrid\A. Segmentation\2. All Segmentation Groundtruths\a. Training Set\5. Optic Disc\IDRiD_11_OD.tif
IDRiD_12,train,D:\RetinaGuard_Data\idrid\A. Segmentation\1. Original Images\a. Training Set\IDRiD_12.jpg,D:\RetinaGuard_Data\idrid\A. Segmentation\2. All Segmentation Groundtruths\a. Training Set\1. Microaneurysms\IDRiD_12_MA.tif,D:\RetinaGuard_Data\idrid\A. Segmentation\2. All Segmentation Groundtruths\a. Training Set\2. Haemorrhages\IDRiD_12_HE.tif,D:\RetinaGuard_Data\idrid\A. Segmentation\2. All Segmentation Groundtruths\a. Training Set\3. Hard Exudates\IDRiD_12_EX.tif,MISSING,D:\RetinaGuard_Data\idrid\A. Segmentation\2. All Segmentation Groundtruths\a. Training Set\5. Optic Disc\IDRiD_12_OD.tif
IDRiD_13,train,D:\RetinaGuard_Data\idrid\A. Segmentation\1. Original Images\a. Training Set\IDRiD_13.jpg,D:\RetinaGuard_Data\idrid\A. Segmentation\2. All Segmentation Groundtruths\a. Training Set\1. Microaneurysms\IDRiD_13_MA.tif,D:\RetinaGuard_Data\idrid\A. Segmentation\2. All Segmentation Groundtruths\a. Training Set\2. Haemorrhages\IDRiD_13_HE.tif,D:\RetinaGuard_Data\idrid\A. Segmentation\2. All Segmentation Groundtruths\a. Training Set\3. Hard Exudates\IDRiD_13_EX.tif,D:\RetinaGuard_Data\idrid\A. Segmentation\2. All Segmentation Groundtruths\a. Training Set\4. Soft Exudates\IDRiD_13_SE.tif,D:\RetinaGuard_Data\idrid\A. Segmentation\2. All Segmentation Groundtruths\a. Training Set\5. Optic Disc\IDRiD_13_OD.tif
IDRiD_14,train,D:\RetinaGuard_Data\idrid\A. Segmentation\1. Original Images\a. Training Set\IDRiD_14.jpg,D:\RetinaGuard_Data\idrid\A. Segmentation\2. All Segmentation Groundtruths\a. Training Set\1. Microaneurysms\IDRiD_14_MA.tif,D:\RetinaGuard_Data\idrid\A. Segmentation\2. All Segmentation Groundtruths\a. Training Set\2. Haemorrhages\IDRiD_14_HE.tif,D:\RetinaGuard_Data\idrid\A. Segmentation\2. All Segmentation Groundtruths\a. Training Set\3. Hard Exudates\IDRiD_14_EX.tif,D:\RetinaGuard_Data\idrid\A. Segmentation\2. All Segmentation Groundtruths\a. Training Set\4. Soft Exudates\IDRiD_14_SE.tif,D:\RetinaGuard_Data\idrid\A. Segmentation\2. All Segmentation Groundtruths\a. Training Set\5. Optic Disc\IDRiD_14_OD.tif
IDRiD_15,train,D:\RetinaGuard_Data\idrid\A. Segmentation\1. Original Images\a. Training Set\IDRiD_15.jpg,D:\RetinaGuard_Data\idrid\A. Segmentation\2. All Segmentation Groundtruths\a. Training Set\1. Microaneurysms\IDRiD_15_MA.tif,D:\RetinaGuard_Data\idrid\A. Segmentation\2. All Segmentation Groundtruths\a. Training Set\2. Haemorrhages\IDRiD_15_HE.tif,D:\RetinaGuard_Data\idrid\A. Segmentation\2. All Segmentation Groundtruths\a. Training Set\3. Hard Exudates\IDRiD_15_EX.tif,MISSING,D:\RetinaGuard_Data\idrid\A. Segmentation\2. All Segmentation Groundtruths\a. Training Set\5. Optic Disc\IDRiD_15_OD.tif
IDRiD_16,train,D:\RetinaGuard_Data\idrid\A. Segmentation\1. Original Images\a. Training Set\IDRiD_16.jpg,D:\RetinaGuard_Data\idrid\A. Segmentation\2. All Segmentation Groundtruths\a. Training Set\1. Microaneurysms\IDRiD_16_MA.tif,D:\RetinaGuard_Data\idrid\A. Segmentation\2. All Segmentation Groundtruths\a. Training Set\2. Haemorrhages\IDRiD_16_HE.tif,D:\RetinaGuard_Data\idrid\A. Segmentation\2. All Segmentation Groundtruths\a. Training Set\3. Hard Exudates\IDRiD_16_EX.tif,MISSING,D:\RetinaGuard_Data\idrid\A. Segmentation\2. All Segmentation Groundtruths\a. Training Set\5. Optic Disc\IDRiD_16_OD.tif
IDRiD_17,train,D:\RetinaGuard_Data\idrid\A. Segmentation\1. Original Images\a. Training Set\IDRiD_17.jpg,D:\RetinaGuard_Data\idrid\A. Segmentation\2. All Segmentation Groundtruths\a. Training Set\1. Microaneurysms\IDRiD_17_MA.tif,D:\RetinaGuard_Data\idrid\A. Segmentation\2. All Segmentation Groundtruths\a. Training Set\2. Haemorrhages\IDRiD_17_HE.tif,D:\RetinaGuard_Data\idrid\A. Segmentation\2. All Segmentation Groundtruths\a. Training Set\3. Hard Exudates\IDRiD_17_EX.tif,D:\RetinaGuard_Data\idrid\A. Segmentation\2. All Segmentation Groundtruths\a. Training Set\4. Soft Exudates\IDRiD_17_SE.tif,D:\RetinaGuard_Data\idrid\A. Segmentation\2. All Segmentation Groundtruths\a. Training Set\5. Optic Disc\IDRiD_17_OD.tif
IDRiD_18,train,D:\RetinaGuard_Data\idrid\A. Segmentation\1. Original Images\a. Training Set\IDRiD_18.jpg,D:\RetinaGuard_Data\idrid\A. Segmentation\2. All Segmentation Groundtruths\a. Training Set\1. Microaneurysms\IDRiD_18_MA.tif,D:\RetinaGuard_Data\idrid\A. Segmentation\2. All Segmentation Groundtruths\a. Training Set\2. Haemorrhages\IDRiD_18_HE.tif,D:\RetinaGuard_Data\idrid\A. Segmentation\2. All Segmentation Groundtruths\a. Training Set\3. Hard Exudates\IDRiD_18_EX.tif,D:\RetinaGuard_Data\idrid\A. Segmentation\2. All Segmentation Groundtruths\a. Training Set\4. Soft Exudates\IDRiD_18_SE.tif,D:\RetinaGuard_Data\idrid\A. Segmentation\2. All Segmentation Groundtruths\a. Training Set\5. Optic Disc\IDRiD_18_OD.tif
IDRiD_19,train,D:\RetinaGuard_Data\idrid\A. Segmentation\1. Original Images\a. Training Set\IDRiD_19.jpg,D:\RetinaGuard_Data\idrid\A. Segmentation\2. All Segmentation Groundtruths\a. Training Set\1. Microaneurysms\IDRiD_19_MA.tif,D:\RetinaGuard_Data\idrid\A. Segmentation\2. All Segmentation Groundtruths\a. Training Set\2. Haemorrhages\IDRiD_19_HE.tif,D:\RetinaGuard_Data\idrid\A. Segmentation\2. All Segmentation Groundtruths\a. Training Set\3. Hard Exudates\IDRiD_19_EX.tif,D:\RetinaGuard_Data\idrid\A. Segmentation\2. All Segmentation Groundtruths\a. Training Set\4. Soft Exudates\IDRiD_19_SE.tif,D:\RetinaGuard_Data\idrid\A. Segmentation\2. All Segmentation Groundtruths\a. Training Set\5. Optic Disc\IDRiD_19_OD.tif
IDRiD_20,train,D:\RetinaGuard_Data\idrid\A. Segmentation\1. Original Images\a. Training Set\IDRiD_20.jpg,D:\RetinaGuard_Data\idrid\A. Segmentation\2. All Segmentation Groundtruths\a. Training Set\1. Microaneurysms\IDRiD_20_MA.tif,D:\RetinaGuard_Data\idrid\A. Segmentation\2. All Segmentation Groundtruths\a. Training Set\2. Haemorrhages\IDRiD_20_HE.tif,D:\RetinaGuard_Data\idrid\A. Segmentation\2. All Segmentation Groundtruths\a. Training Set\3. Hard Exudates\IDRiD_20_EX.tif,MISSING,D:\RetinaGuard_Data\idrid\A. Segmentation\2. All Segmentation Groundtruths\a. Training Set\5. Optic Disc\IDRiD_20_OD.tif
IDRiD_21,train,D:\RetinaGuard_Data\idrid\A. Segmentation\1. Original Images\a. Training Set\IDRiD_21.jpg,D:\RetinaGuard_Data\idrid\A. Segmentation\2. All Segmentation Groundtruths\a. Training Set\1. Microaneurysms\IDRiD_21_MA.tif,D:\RetinaGuard_Data\idrid\A. Segmentation\2. All Segmentation Groundtruths\a. Training Set\2. Haemorrhages\IDRiD_21_HE.tif,D:\RetinaGuard_Data\idrid\A. Segmentation\2. All Segmentation Groundtruths\a. Training Set\3. Hard Exudates\IDRiD_21_EX.tif,MISSING,D:\RetinaGuard_Data\idrid\A. Segmentation\2. All Segmentation Groundtruths\a. Training Set\5. Optic Disc\IDRiD_21_OD.tif
IDRiD_22,train,D:\RetinaGuard_Data\idrid\A. Segmentation\1. Original Images\a. Training Set\IDRiD_22.jpg,D:\RetinaGuard_Data\idrid\A. Segmentation\2. All Segmentation Groundtruths\a. Training Set\1. Microaneurysms\IDRiD_22_MA.tif,D:\RetinaGuard_Data\idrid\A. Segmentation\2. All Segmentation Groundtruths\a. Training Set\2. Haemorrhages\IDRiD_22_HE.tif,D:\RetinaGuard_Data\idrid\A. Segmentation\2. All Segmentation Groundtruths\a. Training Set\3. Hard Exudates\IDRiD_22_EX.tif,D:\RetinaGuard_Data\idrid\A. Segmentation\2. All Segmentation Groundtruths\a. Training Set\4. Soft Exudates\IDRiD_22_SE.tif,D:\RetinaGuard_Data\idrid\A. Segmentation\2. All Segmentation Groundtruths\a. Training Set\5. Optic Disc\IDRiD_22_OD.tif
IDRiD_23,train,D:\RetinaGuard_Data\idrid\A. Segmentation\1. Original Images\a. Training Set\IDRiD_23.jpg,D:\RetinaGuard_Data\idrid\A. Segmentation\2. All Segmentation Groundtruths\a. Training Set\1. Microaneurysms\IDRiD_23_MA.tif,D:\RetinaGuard_Data\idrid\A. Segmentation\2. All Segmentation Groundtruths\a. Training Set\2. Haemorrhages\IDRiD_23_HE.tif,D:\RetinaGuard_Data\idrid\A. Segmentation\2. All Segmentation Groundtruths\a. Training Set\3. Hard Exudates\IDRiD_23_EX.tif,D:\RetinaGuard_Data\idrid\A. Segmentation\2. All Segmentation Groundtruths\a. Training Set\4. Soft Exudates\IDRiD_23_SE.tif,D:\RetinaGuard_Data\idrid\A. Segmentation\2. All Segmentation Groundtruths\a. Training Set\5. Optic Disc\IDRiD_23_OD.tif
IDRiD_24,train,D:\RetinaGuard_Data\idrid\A. Segmentation\1. Original Images\a. Training Set\IDRiD_24.jpg,D:\RetinaGuard_Data\idrid\A. Segmentation\2. All Segmentation Groundtruths\a. Training Set\1. Microaneurysms\IDRiD_24_MA.tif,D:\RetinaGuard_Data\idrid\A. Segmentation\2. All Segmentation Groundtruths\a. Training Set\2. Haemorrhages\IDRiD_24_HE.tif,D:\RetinaGuard_Data\idrid\A. Segmentation\2. All Segmentation Groundtruths\a. Training Set\3. Hard Exudates\IDRiD_24_EX.tif,MISSING,D:\RetinaGuard_Data\idrid\A. Segmentation\2. All Segmentation Groundtruths\a. Training Set\5. Optic Disc\IDRiD_24_OD.tif
IDRiD_25,train,D:\RetinaGuard_Data\idrid\A. Segmentation\1. Original Images\a. Training Set\IDRiD_25.jpg,D:\RetinaGuard_Data\idrid\A. Segmentation\2. All Segmentation Groundtruths\a. Training Set\1. Microaneurysms\IDRiD_25_MA.tif,D:\RetinaGuard_Data\idrid\A. Segmentation\2. All Segmentation Groundtruths\a. Training Set\2. Haemorrhages\IDRiD_25_HE.tif,D:\RetinaGuard_Data\idrid\A. Segmentation\2. All Segmentation Groundtruths\a. Training Set\3. Hard Exudates\IDRiD_25_EX.tif,D:\RetinaGuard_Data\idrid\A. Segmentation\2. All Segmentation Groundtruths\a. Training Set\4. Soft Exudates\IDRiD_25_SE.tif,D:\RetinaGuard_Data\idrid\A. Segmentation\2. All Segmentation Groundtruths\a. Training Set\5. Optic Disc\IDRiD_25_OD.tif
IDRiD_26,train,D:\RetinaGuard_Data\idrid\A. Segmentation\1. Original Images\a. Training Set\IDRiD_26.jpg,D:\RetinaGuard_Data\idrid\A. Segmentation\2. All Segmentation Groundtruths\a. Training Set\1. Microaneurysms\IDRiD_26_MA.tif,D:\RetinaGuard_Data\idrid\A. Segmentation\2. All Segmentation Groundtruths\a. Training Set\2. Haemorrhages\IDRiD_26_HE.tif,D:\RetinaGuard_Data\idrid\A. Segmentation\2. All Segmentation Groundtruths\a. Training Set\3. Hard Exudates\IDRiD_26_EX.tif,MISSING,D:\RetinaGuard_Data\idrid\A. Segmentation\2. All Segmentation Groundtruths\a. Training Set\5. Optic Disc\IDRiD_26_OD.tif
IDRiD_27,train,D:\RetinaGuard_Data\idrid\A. Segmentation\1. Original Images\a. Training Set\IDRiD_27.jpg,D:\RetinaGuard_Data\idrid\A. Segmentation\2. All Segmentation Groundtruths\a. Training Set\1. Microaneurysms\IDRiD_27_MA.tif,D:\RetinaGuard_Data\idrid\A. Segmentation\2. All Segmentation Groundtruths\a. Training Set\2. Haemorrhages\IDRiD_27_HE.tif,D:\RetinaGuard_Data\idrid\A. Segmentation\2. All Segmentation Groundtruths\a. Training Set\3. Hard Exudates\IDRiD_27_EX.tif,MISSING,D:\RetinaGuard_Data\idrid\A. Segmentation\2. All Segmentation Groundtruths\a. Training Set\5. Optic Disc\IDRiD_27_OD.tif
IDRiD_28,train,D:\RetinaGuard_Data\idrid\A. Segmentation\1. Original Images\a. Training Set\IDRiD_28.jpg,D:\RetinaGuard_Data\idrid\A. Segmentation\2. All Segmentation Groundtruths\a. Training Set\1. Microaneurysms\IDRiD_28_MA.tif,D:\RetinaGuard_Data\idrid\A. Segmentation\2. All Segmentation Groundtruths\a. Training Set\2. Haemorrhages\IDRiD_28_HE.tif,D:\RetinaGuard_Data\idrid\A. Segmentation\2. All Segmentation Groundtruths\a. Training Set\3. Hard Exudates\IDRiD_28_EX.tif,MISSING,D:\RetinaGuard_Data\idrid\A. Segmentation\2. All Segmentation Groundtruths\a. Training Set\5. Optic Disc\IDRiD_28_OD.tif
IDRiD_29,train,D:\RetinaGuard_Data\idrid\A. Segmentation\1. Original Images\a. Training Set\IDRiD_29.jpg,D:\RetinaGuard_Data\idrid\A. Segmentation\2. All Segmentation Groundtruths\a. Training Set\1. Microaneurysms\IDRiD_29_MA.tif,D:\RetinaGuard_Data\idrid\A. Segmentation\2. All Segmentation Groundtruths\a. Training Set\2. Haemorrhages\IDRiD_29_HE.tif,D:\RetinaGuard_Data\idrid\A. Segmentation\2. All Segmentation Groundtruths\a. Training Set\3. Hard Exudates\IDRiD_29_EX.tif,MISSING,D:\RetinaGuard_Data\idrid\A. Segmentation\2. All Segmentation Groundtruths\a. Training Set\5. Optic Disc\IDRiD_29_OD.tif
IDRiD_30,train,D:\RetinaGuard_Data\idrid\A. Segmentation\1. Original Images\a. Training Set\IDRiD_30.jpg,D:\RetinaGuard_Data\idrid\A. Segmentation\2. All Segmentation Groundtruths\a. Training Set\1. Microaneurysms\IDRiD_30_MA.tif,D:\RetinaGuard_Data\idrid\A. Segmentation\2. All Segmentation Groundtruths\a. Training Set\2. Haemorrhages\IDRiD_30_HE.tif,D:\RetinaGuard_Data\idrid\A. Segmentation\2. All Segmentation Groundtruths\a. Training Set\3. Hard Exudates\IDRiD_30_EX.tif,D:\RetinaGuard_Data\idrid\A. Segmentation\2. All Segmentation Groundtruths\a. Training Set\4. Soft Exudates\IDRiD_30_SE.tif,D:\RetinaGuard_Data\idrid\A. Segmentation\2. All Segmentation Groundtruths\a. Training Set\5. Optic Disc\IDRiD_30_OD.tif
IDRiD_31,train,D:\RetinaGuard_Data\idrid\A. Segmentation\1. Original Images\a. Training Set\IDRiD_31.jpg,D:\RetinaGuard_Data\idrid\A. Segmentation\2. All Segmentation Groundtruths\a. Training Set\1. Microaneurysms\IDRiD_31_MA.tif,D:\RetinaGuard_Data\idrid\A. Segmentation\2. All Segmentation Groundtruths\a. Training Set\2. Haemorrhages\IDRiD_31_HE.tif,D:\RetinaGuard_Data\idrid\A. Segmentation\2. All Segmentation Groundtruths\a. Training Set\3. Hard Exudates\IDRiD_31_EX.tif,D:\RetinaGuard_Data\idrid\A. Segmentation\2. All Segmentation Groundtruths\a. Training Set\4. Soft Exudates\IDRiD_31_SE.tif,D:\RetinaGuard_Data\idrid\A. Segmentation\2. All Segmentation Groundtruths\a. Training Set\5. Optic Disc\IDRiD_31_OD.tif
IDRiD_32,train,D:\RetinaGuard_Data\idrid\A. Segmentation\1. Original Images\a. Training Set\IDRiD_32.jpg,D:\RetinaGuard_Data\idrid\A. Segmentation\2. All Segmentation Groundtruths\a. Training Set\1. Microaneurysms\IDRiD_32_MA.tif,D:\RetinaGuard_Data\idrid\A. Segmentation\2. All Segmentation Groundtruths\a. Training Set\2. Haemorrhages\IDRiD_32_HE.tif,D:\RetinaGuard_Data\idrid\A. Segmentation\2. All Segmentation Groundtruths\a. Training Set\3. Hard Exudates\IDRiD_32_EX.tif,D:\RetinaGuard_Data\idrid\A. Segmentation\2. All Segmentation Groundtruths\a. Training Set\4. Soft Exudates\IDRiD_32_SE.tif,D:\RetinaGuard_Data\idrid\A. Segmentation\2. All Segmentation Groundtruths\a. Training Set\5. Optic Disc\IDRiD_32_OD.tif
IDRiD_33,train,D:\RetinaGuard_Data\idrid\A. Segmentation\1. Original Images\a. Training Set\IDRiD_33.jpg,D:\RetinaGuard_Data\idrid\A. Segmentation\2. All Segmentation Groundtruths\a. Training Set\1. Microaneurysms\IDRiD_33_MA.tif,D:\RetinaGuard_Data\idrid\A. Segmentation\2. All Segmentation Groundtruths\a. Training Set\2. Haemorrhages\IDRiD_33_HE.tif,D:\RetinaGuard_Data\idrid\A. Segmentation\2. All Segmentation Groundtruths\a. Training Set\3. Hard Exudates\IDRiD_33_EX.tif,D:\RetinaGuard_Data\idrid\A. Segmentation\2. All Segmentation Groundtruths\a. Training Set\4. Soft Exudates\IDRiD_33_SE.tif,D:\RetinaGuard_Data\idrid\A. Segmentation\2. All Segmentation Groundtruths\a. Training Set\5. Optic Disc\IDRiD_33_OD.tif
IDRiD_34,train,D:\RetinaGuard_Data\idrid\A. Segmentation\1. Original Images\a. Training Set\IDRiD_34.jpg,D:\RetinaGuard_Data\idrid\A. Segmentation\2. All Segmentation Groundtruths\a. Training Set\1. Microaneurysms\IDRiD_34_MA.tif,D:\RetinaGuard_Data\idrid\A. Segmentation\2. All Segmentation Groundtruths\a. Training Set\2. Haemorrhages\IDRiD_34_HE.tif,D:\RetinaGuard_Data\idrid\A. Segmentation\2. All Segmentation Groundtruths\a. Training Set\3. Hard Exudates\IDRiD_34_EX.tif,MISSING,D:\RetinaGuard_Data\idrid\A. Segmentation\2. All Segmentation Groundtruths\a. Training Set\5. Optic Disc\IDRiD_34_OD.tif
IDRiD_35,train,D:\RetinaGuard_Data\idrid\A. Segmentation\1. Original Images\a. Training Set\IDRiD_35.jpg,D:\RetinaGuard_Data\idrid\A. Segmentation\2. All Segmentation Groundtruths\a. Training Set\1. Microaneurysms\IDRiD_35_MA.tif,D:\RetinaGuard_Data\idrid\A. Segmentation\2. All Segmentation Groundtruths\a. Training Set\2. Haemorrhages\IDRiD_35_HE.tif,D:\RetinaGuard_Data\idrid\A. Segmentation\2. All Segmentation Groundtruths\a. Training Set\3. Hard Exudates\IDRiD_35_EX.tif,D:\RetinaGuard_Data\idrid\A. Segmentation\2. All Segmentation Groundtruths\a. Training Set\4. Soft Exudates\IDRiD_35_SE.tif,D:\RetinaGuard_Data\idrid\A. Segmentation\2. All Segmentation Groundtruths\a. Training Set\5. Optic Disc\IDRiD_35_OD.tif
IDRiD_36,train,D:\RetinaGuard_Data\idrid\A. Segmentation\1. Original Images\a. Training Set\IDRiD_36.jpg,D:\RetinaGuard_Data\idrid\A. Segmentation\2. All Segmentation Groundtruths\a. Training Set\1. Microaneurysms\IDRiD_36_MA.tif,D:\RetinaGuard_Data\idrid\A. Segmentation\2. All Segmentation Groundtruths\a. Training Set\2. Haemorrhages\IDRiD_36_HE.tif,D:\RetinaGuard_Data\idrid\A. Segmentation\2. All Segmentation Groundtruths\a. Training Set\3. Hard Exudates\IDRiD_36_EX.tif,MISSING,D:\RetinaGuard_Data\idrid\A. Segmentation\2. All Segmentation Groundtruths\a. Training Set\5. Optic Disc\IDRiD_36_OD.tif
IDRiD_37,train,D:\RetinaGuard_Data\idrid\A. Segmentation\1. Original Images\a. Training Set\IDRiD_37.jpg,D:\RetinaGuard_Data\idrid\A. Segmentation\2. All Segmentation Groundtruths\a. Training Set\1. Microaneurysms\IDRiD_37_MA.tif,D:\RetinaGuard_Data\idrid\A. Segmentation\2. All Segmentation Groundtruths\a. Training Set\2. Haemorrhages\IDRiD_37_HE.tif,D:\RetinaGuard_Data\idrid\A. Segmentation\2. All Segmentation Groundtruths\a. Training Set\3. Hard Exudates\IDRiD_37_EX.tif,MISSING,D:\RetinaGuard_Data\idrid\A. Segmentation\2. All Segmentation Groundtruths\a. Training Set\5. Optic Disc\IDRiD_37_OD.tif
IDRiD_38,train,D:\RetinaGuard_Data\idrid\A. Segmentation\1. Original Images\a. Training Set\IDRiD_38.jpg,D:\RetinaGuard_Data\idrid\A. Segmentation\2. All Segmentation Groundtruths\a. Training Set\1. Microaneurysms\IDRiD_38_MA.tif,D:\RetinaGuard_Data\idrid\A. Segmentation\2. All Segmentation Groundtruths\a. Training Set\2. Haemorrhages\IDRiD_38_HE.tif,D:\RetinaGuard_Data\idrid\A. Segmentation\2. All Segmentation Groundtruths\a. Training Set\3. Hard Exudates\IDRiD_38_EX.tif,D:\RetinaGuard_Data\idrid\A. Segmentation\2. All Segmentation Groundtruths\a. Training Set\4. Soft Exudates\IDRiD_38_SE.tif,D:\RetinaGuard_Data\idrid\A. Segmentation\2. All Segmentation Groundtruths\a. Training Set\5. Optic Disc\IDRiD_38_OD.tif
IDRiD_39,train,D:\RetinaGuard_Data\idrid\A. Segmentation\1. Original Images\a. Training Set\IDRiD_39.jpg,D:\RetinaGuard_Data\idrid\A. Segmentation\2. All Segmentation Groundtruths\a. Training Set\1. Microaneurysms\IDRiD_39_MA.tif,D:\RetinaGuard_Data\idrid\A. Segmentation\2. All Segmentation Groundtruths\a. Training Set\2. Haemorrhages\IDRiD_39_HE.tif,D:\RetinaGuard_Data\idrid\A. Segmentation\2. All Segmentation Groundtruths\a. Training Set\3. Hard Exudates\IDRiD_39_EX.tif,D:\RetinaGuard_Data\idrid\A. Segmentation\2. All Segmentation Groundtruths\a. Training Set\4. Soft Exudates\IDRiD_39_SE.tif,D:\RetinaGuard_Data\idrid\A. Segmentation\2. All Segmentation Groundtruths\a. Training Set\5. Optic Disc\IDRiD_39_OD.tif
IDRiD_40,train,D:\RetinaGuard_Data\idrid\A. Segmentation\1. Original Images\a. Training Set\IDRiD_40.jpg,D:\RetinaGuard_Data\idrid\A. Segmentation\2. All Segmentation Groundtruths\a. Training Set\1. Microaneurysms\IDRiD_40_MA.tif,D:\RetinaGuard_Data\idrid\A. Segmentation\2. All Segmentation Groundtruths\a. Training Set\2. Haemorrhages\IDRiD_40_HE.tif,D:\RetinaGuard_Data\idrid\A. Segmentation\2. All Segmentation Groundtruths\a. Training Set\3. Hard Exudates\IDRiD_40_EX.tif,MISSING,D:\RetinaGuard_Data\idrid\A. Segmentation\2. All Segmentation Groundtruths\a. Training Set\5. Optic Disc\IDRiD_40_OD.tif
IDRiD_41,train,D:\RetinaGuard_Data\idrid\A. Segmentation\1. Original Images\a. Training Set\IDRiD_41.jpg,D:\RetinaGuard_Data\idrid\A. Segmentation\2. All Segmentation Groundtruths\a. Training Set\1. Microaneurysms\IDRiD_41_MA.tif,D:\RetinaGuard_Data\idrid\A. Segmentation\2. All Segmentation Groundtruths\a. Training Set\2. Haemorrhages\IDRiD_41_HE.tif,D:\RetinaGuard_Data\idrid\A. Segmentation\2. All Segmentation Groundtruths\a. Training Set\3. Hard Exudates\IDRiD_41_EX.tif,MISSING,D:\RetinaGuard_Data\idrid\A. Segmentation\2. All Segmentation Groundtruths\a. Training Set\5. Optic Disc\IDRiD_41_OD.tif
IDRiD_42,train,D:\RetinaGuard_Data\idrid\A. Segmentation\1. Original Images\a. Training Set\IDRiD_42.jpg,D:\RetinaGuard_Data\idrid\A. Segmentation\2. All Segmentation Groundtruths\a. Training Set\1. Microaneurysms\IDRiD_42_MA.tif,D:\RetinaGuard_Data\idrid\A. Segmentation\2. All Segmentation Groundtruths\a. Training Set\2. Haemorrhages\IDRiD_42_HE.tif,D:\RetinaGuard_Data\idrid\A. Segmentation\2. All Segmentation Groundtruths\a. Training Set\3. Hard Exudates\IDRiD_42_EX.tif,MISSING,D:\RetinaGuard_Data\idrid\A. Segmentation\2. All Segmentation Groundtruths\a. Training Set\5. Optic Disc\IDRiD_42_OD.tif
IDRiD_43,train,D:\RetinaGuard_Data\idrid\A. Segmentation\1. Original Images\a. Training Set\IDRiD_43.jpg,D:\RetinaGuard_Data\idrid\A. Segmentation\2. All Segmentation Groundtruths\a. Training Set\1. Microaneurysms\IDRiD_43_MA.tif,MISSING,D:\RetinaGuard_Data\idrid\A. Segmentation\2. All Segmentation Groundtruths\a. Training Set\3. Hard Exudates\IDRiD_43_EX.tif,MISSING,D:\RetinaGuard_Data\idrid\A. Segmentation\2. All Segmentation Groundtruths\a. Training Set\5. Optic Disc\IDRiD_43_OD.tif
IDRiD_44,train,D:\RetinaGuard_Data\idrid\A. Segmentation\1. Original Images\a. Training Set\IDRiD_44.jpg,D:\RetinaGuard_Data\idrid\A. Segmentation\2. All Segmentation Groundtruths\a. Training Set\1. Microaneurysms\IDRiD_44_MA.tif,D:\RetinaGuard_Data\idrid\A. Segmentation\2. All Segmentation Groundtruths\a. Training Set\2. Haemorrhages\IDRiD_44_HE.tif,D:\RetinaGuard_Data\idrid\A. Segmentation\2. All Segmentation Groundtruths\a. Training Set\3. Hard Exudates\IDRiD_44_EX.tif,MISSING,D:\RetinaGuard_Data\idrid\A. Segmentation\2. All Segmentation Groundtruths\a. Training Set\5. Optic Disc\IDRiD_44_OD.tif
IDRiD_45,train,D:\RetinaGuard_Data\idrid\A. Segmentation\1. Original Images\a. Training Set\IDRiD_45.jpg,D:\RetinaGuard_Data\idrid\A. Segmentation\2. All Segmentation Groundtruths\a. Training Set\1. Microaneurysms\IDRiD_45_MA.tif,D:\RetinaGuard_Data\idrid\A. Segmentation\2. All Segmentation Groundtruths\a. Training Set\2. Haemorrhages\IDRiD_45_HE.tif,D:\RetinaGuard_Data\idrid\A. Segmentation\2. All Segmentation Groundtruths\a. Training Set\3. Hard Exudates\IDRiD_45_EX.tif,MISSING,D:\RetinaGuard_Data\idrid\A. Segmentation\2. All Segmentation Groundtruths\a. Training Set\5. Optic Disc\IDRiD_45_OD.tif
IDRiD_46,train,D:\RetinaGuard_Data\idrid\A. Segmentation\1. Original Images\a. Training Set\IDRiD_46.jpg,D:\RetinaGuard_Data\idrid\A. Segmentation\2. All Segmentation Groundtruths\a. Training Set\1. Microaneurysms\IDRiD_46_MA.tif,D:\RetinaGuard_Data\idrid\A. Segmentation\2. All Segmentation Groundtruths\a. Training Set\2. Haemorrhages\IDRiD_46_HE.tif,D:\RetinaGuard_Data\idrid\A. Segmentation\2. All Segmentation Groundtruths\a. Training Set\3. Hard Exudates\IDRiD_46_EX.tif,D:\RetinaGuard_Data\idrid\A. Segmentation\2. All Segmentation Groundtruths\a. Training Set\4. Soft Exudates\IDRiD_46_SE.tif,D:\RetinaGuard_Data\idrid\A. Segmentation\2. All Segmentation Groundtruths\a. Training Set\5. Optic Disc\IDRiD_46_OD.tif
IDRiD_47,train,D:\RetinaGuard_Data\idrid\A. Segmentation\1. Original Images\a. Training Set\IDRiD_47.jpg,D:\RetinaGuard_Data\idrid\A. Segmentation\2. All Segmentation Groundtruths\a. Training Set\1. Microaneurysms\IDRiD_47_MA.tif,D:\RetinaGuard_Data\idrid\A. Segmentation\2. All Segmentation Groundtruths\a. Training Set\2. Haemorrhages\IDRiD_47_HE.tif,D:\RetinaGuard_Data\idrid\A. Segmentation\2. All Segmentation Groundtruths\a. Training Set\3. Hard Exudates\IDRiD_47_EX.tif,D:\RetinaGuard_Data\idrid\A. Segmentation\2. All Segmentation Groundtruths\a. Training Set\4. Soft Exudates\IDRiD_47_SE.tif,D:\RetinaGuard_Data\idrid\A. Segmentation\2. All Segmentation Groundtruths\a. Training Set\5. Optic Disc\IDRiD_47_OD.tif
IDRiD_48,train,D:\RetinaGuard_Data\idrid\A. Segmentation\1. Original Images\a. Training Set\IDRiD_48.jpg,D:\RetinaGuard_Data\idrid\A. Segmentation\2. All Segmentation Groundtruths\a. Training Set\1. Microaneurysms\IDRiD_48_MA.tif,D:\RetinaGuard_Data\idrid\A. Segmentation\2. All Segmentation Groundtruths\a. Training Set\2. Haemorrhages\IDRiD_48_HE.tif,D:\RetinaGuard_Data\idrid\A. Segmentation\2. All Segmentation Groundtruths\a. Training Set\3. Hard Exudates\IDRiD_48_EX.tif,D:\RetinaGuard_Data\idrid\A. Segmentation\2. All Segmentation Groundtruths\a. Training Set\4. Soft Exudates\IDRiD_48_SE.tif,D:\RetinaGuard_Data\idrid\A. Segmentation\2. All Segmentation Groundtruths\a. Training Set\5. Optic Disc\IDRiD_48_OD.tif
IDRiD_49,train,D:\RetinaGuard_Data\idrid\A. Segmentation\1. Original Images\a. Training Set\IDRiD_49.jpg,D:\RetinaGuard_Data\idrid\A. Segmentation\2. All Segmentation Groundtruths\a. Training Set\1. Microaneurysms\IDRiD_49_MA.tif,D:\RetinaGuard_Data\idrid\A. Segmentation\2. All Segmentation Groundtruths\a. Training Set\2. Haemorrhages\IDRiD_49_HE.tif,D:\RetinaGuard_Data\idrid\A. Segmentation\2. All Segmentation Groundtruths\a. Training Set\3. Hard Exudates\IDRiD_49_EX.tif,D:\RetinaGuard_Data\idrid\A. Segmentation\2. All Segmentation Groundtruths\a. Training Set\4. Soft Exudates\IDRiD_49_SE.tif,D:\RetinaGuard_Data\idrid\A. Segmentation\2. All Segmentation Groundtruths\a. Training Set\5. Optic Disc\IDRiD_49_OD.tif
IDRiD_50,train,D:\RetinaGuard_Data\idrid\A. Segmentation\1. Original Images\a. Training Set\IDRiD_50.jpg,D:\RetinaGuard_Data\idrid\A. Segmentation\2. All Segmentation Groundtruths\a. Training Set\1. Microaneurysms\IDRiD_50_MA.tif,D:\RetinaGuard_Data\idrid\A. Segmentation\2. All Segmentation Groundtruths\a. Training Set\2. Haemorrhages\IDRiD_50_HE.tif,D:\RetinaGuard_Data\idrid\A. Segmentation\2. All Segmentation Groundtruths\a. Training Set\3. Hard Exudates\IDRiD_50_EX.tif,D:\RetinaGuard_Data\idrid\A. Segmentation\2. All Segmentation Groundtruths\a. Training Set\4. Soft Exudates\IDRiD_50_SE.tif,D:\RetinaGuard_Data\idrid\A. Segmentation\2. All Segmentation Groundtruths\a. Training Set\5. Optic Disc\IDRiD_50_OD.tif
IDRiD_51,train,D:\RetinaGuard_Data\idrid\A. Segmentation\1. Original Images\a. Training Set\IDRiD_51.jpg,D:\RetinaGuard_Data\idrid\A. Segmentation\2. All Segmentation Groundtruths\a. Training Set\1. Microaneurysms\IDRiD_51_MA.tif,D:\RetinaGuard_Data\idrid\A. Segmentation\2. All Segmentation Groundtruths\a. Training Set\2. Haemorrhages\IDRiD_51_HE.tif,D:\RetinaGuard_Data\idrid\A. Segmentation\2. All Segmentation Groundtruths\a. Training Set\3. Hard Exudates\IDRiD_51_EX.tif,D:\RetinaGuard_Data\idrid\A. Segmentation\2. All Segmentation Groundtruths\a. Training Set\4. Soft Exudates\IDRiD_51_SE.tif,D:\RetinaGuard_Data\idrid\A. Segmentation\2. All Segmentation Groundtruths\a. Training Set\5. Optic Disc\IDRiD_51_OD.tif
IDRiD_52,train,D:\RetinaGuard_Data\idrid\A. Segmentation\1. Original Images\a. Training Set\IDRiD_52.jpg,D:\RetinaGuard_Data\idrid\A. Segmentation\2. All Segmentation Groundtruths\a. Training Set\1. Microaneurysms\IDRiD_52_MA.tif,D:\RetinaGuard_Data\idrid\A. Segmentation\2. All Segmentation Groundtruths\a. Training Set\2. Haemorrhages\IDRiD_52_HE.tif,D:\RetinaGuard_Data\idrid\A. Segmentation\2. All Segmentation Groundtruths\a. Training Set\3. Hard Exudates\IDRiD_52_EX.tif,D:\RetinaGuard_Data\idrid\A. Segmentation\2. All Segmentation Groundtruths\a. Training Set\4. Soft Exudates\IDRiD_52_SE.tif,D:\RetinaGuard_Data\idrid\A. Segmentation\2. All Segmentation Groundtruths\a. Training Set\5. Optic Disc\IDRiD_52_OD.tif
IDRiD_53,train,D:\RetinaGuard_Data\idrid\A. Segmentation\1. Original Images\a. Training Set\IDRiD_53.jpg,D:\RetinaGuard_Data\idrid\A. Segmentation\2. All Segmentation Groundtruths\a. Training Set\1. Microaneurysms\IDRiD_53_MA.tif,D:\RetinaGuard_Data\idrid\A. Segmentation\2. All Segmentation Groundtruths\a. Training Set\2. Haemorrhages\IDRiD_53_HE.tif,D:\RetinaGuard_Data\idrid\A. Segmentation\2. All Segmentation Groundtruths\a. Training Set\3. Hard Exudates\IDRiD_53_EX.tif,D:\RetinaGuard_Data\idrid\A. Segmentation\2. All Segmentation Groundtruths\a. Training Set\4. Soft Exudates\IDRiD_53_SE.tif,D:\RetinaGuard_Data\idrid\A. Segmentation\2. All Segmentation Groundtruths\a. Training Set\5. Optic Disc\IDRiD_53_OD.tif
IDRiD_54,train,D:\RetinaGuard_Data\idrid\A. Segmentation\1. Original Images\a. Training Set\IDRiD_54.jpg,D:\RetinaGuard_Data\idrid\A. Segmentation\2. All Segmentation Groundtruths\a. Training Set\1. Microaneurysms\IDRiD_54_MA.tif,D:\RetinaGuard_Data\idrid\A. Segmentation\2. All Segmentation Groundtruths\a. Training Set\2. Haemorrhages\IDRiD_54_HE.tif,D:\RetinaGuard_Data\idrid\A. Segmentation\2. All Segmentation Groundtruths\a. Training Set\3. Hard Exudates\IDRiD_54_EX.tif,D:\RetinaGuard_Data\idrid\A. Segmentation\2. All Segmentation Groundtruths\a. Training Set\4. Soft Exudates\IDRiD_54_SE.tif,D:\RetinaGuard_Data\idrid\A. Segmentation\2. All Segmentation Groundtruths\a. Training Set\5. Optic Disc\IDRiD_54_OD.tif
IDRiD_55,test,D:\RetinaGuard_Data\idrid\A. Segmentation\1. Original Images\b. Testing Set\IDRiD_55.jpg,D:\RetinaGuard_Data\idrid\A. Segmentation\2. All Segmentation Groundtruths\b. Testing Set\1. Microaneurysms\IDRiD_55_MA.tif,D:\RetinaGuard_Data\idrid\A. Segmentation\2. All Segmentation Groundtruths\b. Testing Set\2. Haemorrhages\IDRiD_55_HE.tif,D:\RetinaGuard_Data\idrid\A. Segmentation\2. All Segmentation Groundtruths\b. Testing Set\3. Hard Exudates\IDRiD_55_EX.tif,D:\RetinaGuard_Data\idrid\A. Segmentation\2. All Segmentation Groundtruths\b. Testing Set\4. Soft Exudates\IDRiD_55_SE.tif,D:\RetinaGuard_Data\idrid\A. Segmentation\2. All Segmentation Groundtruths\b. Testing Set\5. Optic Disc\IDRiD_55_OD.tif
IDRiD_56,test,D:\RetinaGuard_Data\idrid\A. Segmentation\1. Original Images\b. Testing Set\IDRiD_56.jpg,D:\RetinaGuard_Data\idrid\A. Segmentation\2. All Segmentation Groundtruths\b. Testing Set\1. Microaneurysms\IDRiD_56_MA.tif,D:\RetinaGuard_Data\idrid\A. Segmentation\2. All Segmentation Groundtruths\b. Testing Set\2. Haemorrhages\IDRiD_56_HE.tif,D:\RetinaGuard_Data\idrid\A. Segmentation\2. All Segmentation Groundtruths\b. Testing Set\3. Hard Exudates\IDRiD_56_EX.tif,D:\RetinaGuard_Data\idrid\A. Segmentation\2. All Segmentation Groundtruths\b. Testing Set\4. Soft Exudates\IDRiD_56_SE.tif,D:\RetinaGuard_Data\idrid\A. Segmentation\2. All Segmentation Groundtruths\b. Testing Set\5. Optic Disc\IDRiD_56_OD.tif
IDRiD_57,test,D:\RetinaGuard_Data\idrid\A. Segmentation\1. Original Images\b. Testing Set\IDRiD_57.jpg,D:\RetinaGuard_Data\idrid\A. Segmentation\2. All Segmentation Groundtruths\b. Testing Set\1. Microaneurysms\IDRiD_57_MA.tif,D:\RetinaGuard_Data\idrid\A. Segmentation\2. All Segmentation Groundtruths\b. Testing Set\2. Haemorrhages\IDRiD_57_HE.tif,D:\RetinaGuard_Data\idrid\A. Segmentation\2. All Segmentation Groundtruths\b. Testing Set\3. Hard Exudates\IDRiD_57_EX.tif,MISSING,D:\RetinaGuard_Data\idrid\A. Segmentation\2. All Segmentation Groundtruths\b. Testing Set\5. Optic Disc\IDRiD_57_OD.tif
IDRiD_58,test,D:\RetinaGuard_Data\idrid\A. Segmentation\1. Original Images\b. Testing Set\IDRiD_58.jpg,D:\RetinaGuard_Data\idrid\A. Segmentation\2. All Segmentation Groundtruths\b. Testing Set\1. Microaneurysms\IDRiD_58_MA.tif,D:\RetinaGuard_Data\idrid\A. Segmentation\2. All Segmentation Groundtruths\b. Testing Set\2. Haemorrhages\IDRiD_58_HE.tif,D:\RetinaGuard_Data\idrid\A. Segmentation\2. All Segmentation Groundtruths\b. Testing Set\3. Hard Exudates\IDRiD_58_EX.tif,MISSING,D:\RetinaGuard_Data\idrid\A. Segmentation\2. All Segmentation Groundtruths\b. Testing Set\5. Optic Disc\IDRiD_58_OD.tif
IDRiD_59,test,D:\RetinaGuard_Data\idrid\A. Segmentation\1. Original Images\b. Testing Set\IDRiD_59.jpg,D:\RetinaGuard_Data\idrid\A. Segmentation\2. All Segmentation Groundtruths\b. Testing Set\1. Microaneurysms\IDRiD_59_MA.tif,D:\RetinaGuard_Data\idrid\A. Segmentation\2. All Segmentation Groundtruths\b. Testing Set\2. Haemorrhages\IDRiD_59_HE.tif,D:\RetinaGuard_Data\idrid\A. Segmentation\2. All Segmentation Groundtruths\b. Testing Set\3. Hard Exudates\IDRiD_59_EX.tif,D:\RetinaGuard_Data\idrid\A. Segmentation\2. All Segmentation Groundtruths\b. Testing Set\4. Soft Exudates\IDRiD_59_SE.tif,D:\RetinaGuard_Data\idrid\A. Segmentation\2. All Segmentation Groundtruths\b. Testing Set\5. Optic Disc\IDRiD_59_OD.tif
IDRiD_60,test,D:\RetinaGuard_Data\idrid\A. Segmentation\1. Original Images\b. Testing Set\IDRiD_60.jpg,D:\RetinaGuard_Data\idrid\A. Segmentation\2. All Segmentation Groundtruths\b. Testing Set\1. Microaneurysms\IDRiD_60_MA.tif,D:\RetinaGuard_Data\idrid\A. Segmentation\2. All Segmentation Groundtruths\b. Testing Set\2. Haemorrhages\IDRiD_60_HE.tif,D:\RetinaGuard_Data\idrid\A. Segmentation\2. All Segmentation Groundtruths\b. Testing Set\3. Hard Exudates\IDRiD_60_EX.tif,D:\RetinaGuard_Data\idrid\A. Segmentation\2. All Segmentation Groundtruths\b. Testing Set\4. Soft Exudates\IDRiD_60_SE.tif,D:\RetinaGuard_Data\idrid\A. Segmentation\2. All Segmentation Groundtruths\b. Testing Set\5. Optic Disc\IDRiD_60_OD.tif
IDRiD_61,test,D:\RetinaGuard_Data\idrid\A. Segmentation\1. Original Images\b. Testing Set\IDRiD_61.jpg,D:\RetinaGuard_Data\idrid\A. Segmentation\2. All Segmentation Groundtruths\b. Testing Set\1. Microaneurysms\IDRiD_61_MA.tif,D:\RetinaGuard_Data\idrid\A. Segmentation\2. All Segmentation Groundtruths\b. Testing Set\2. Haemorrhages\IDRiD_61_HE.tif,D:\RetinaGuard_Data\idrid\A. Segmentation\2. All Segmentation Groundtruths\b. Testing Set\3. Hard Exudates\IDRiD_61_EX.tif,D:\RetinaGuard_Data\idrid\A. Segmentation\2. All Segmentation Groundtruths\b. Testing Set\4. Soft Exudates\IDRiD_61_SE.tif,D:\RetinaGuard_Data\idrid\A. Segmentation\2. All Segmentation Groundtruths\b. Testing Set\5. Optic Disc\IDRiD_61_OD.tif
IDRiD_62,test,D:\RetinaGuard_Data\idrid\A. Segmentation\1. Original Images\b. Testing Set\IDRiD_62.jpg,D:\RetinaGuard_Data\idrid\A. Segmentation\2. All Segmentation Groundtruths\b. Testing Set\1. Microaneurysms\IDRiD_62_MA.tif,D:\RetinaGuard_Data\idrid\A. Segmentation\2. All Segmentation Groundtruths\b. Testing Set\2. Haemorrhages\IDRiD_62_HE.tif,D:\RetinaGuard_Data\idrid\A. Segmentation\2. All Segmentation Groundtruths\b. Testing Set\3. Hard Exudates\IDRiD_62_EX.tif,MISSING,D:\RetinaGuard_Data\idrid\A. Segmentation\2. All Segmentation Groundtruths\b. Testing Set\5. Optic Disc\IDRiD_62_OD.tif
IDRiD_63,test,D:\RetinaGuard_Data\idrid\A. Segmentation\1. Original Images\b. Testing Set\IDRiD_63.jpg,D:\RetinaGuard_Data\idrid\A. Segmentation\2. All Segmentation Groundtruths\b. Testing Set\1. Microaneurysms\IDRiD_63_MA.tif,D:\RetinaGuard_Data\idrid\A. Segmentation\2. All Segmentation Groundtruths\b. Testing Set\2. Haemorrhages\IDRiD_63_HE.tif,D:\RetinaGuard_Data\idrid\A. Segmentation\2. All Segmentation Groundtruths\b. Testing Set\3. Hard Exudates\IDRiD_63_EX.tif,MISSING,D:\RetinaGuard_Data\idrid\A. Segmentation\2. All Segmentation Groundtruths\b. Testing Set\5. Optic Disc\IDRiD_63_OD.tif
IDRiD_64,test,D:\RetinaGuard_Data\idrid\A. Segmentation\1. Original Images\b. Testing Set\IDRiD_64.jpg,D:\RetinaGuard_Data\idrid\A. Segmentation\2. All Segmentation Groundtruths\b. Testing Set\1. Microaneurysms\IDRiD_64_MA.tif,D:\RetinaGuard_Data\idrid\A. Segmentation\2. All Segmentation Groundtruths\b. Testing Set\2. Haemorrhages\IDRiD_64_HE.tif,D:\RetinaGuard_Data\idrid\A. Segmentation\2. All Segmentation Groundtruths\b. Testing Set\3. Hard Exudates\IDRiD_64_EX.tif,D:\RetinaGuard_Data\idrid\A. Segmentation\2. All Segmentation Groundtruths\b. Testing Set\4. Soft Exudates\IDRiD_64_SE.tif,D:\RetinaGuard_Data\idrid\A. Segmentation\2. All Segmentation Groundtruths\b. Testing Set\5. Optic Disc\IDRiD_64_OD.tif
IDRiD_65,test,D:\RetinaGuard_Data\idrid\A. Segmentation\1. Original Images\b. Testing Set\IDRiD_65.jpg,D:\RetinaGuard_Data\idrid\A. Segmentation\2. All Segmentation Groundtruths\b. Testing Set\1. Microaneurysms\IDRiD_65_MA.tif,D:\RetinaGuard_Data\idrid\A. Segmentation\2. All Segmentation Groundtruths\b. Testing Set\2. Haemorrhages\IDRiD_65_HE.tif,D:\RetinaGuard_Data\idrid\A. Segmentation\2. All Segmentation Groundtruths\b. Testing Set\3. Hard Exudates\IDRiD_65_EX.tif,MISSING,D:\RetinaGuard_Data\idrid\A. Segmentation\2. All Segmentation Groundtruths\b. Testing Set\5. Optic Disc\IDRiD_65_OD.tif
IDRiD_66,test,D:\RetinaGuard_Data\idrid\A. Segmentation\1. Original Images\b. Testing Set\IDRiD_66.jpg,D:\RetinaGuard_Data\idrid\A. Segmentation\2. All Segmentation Groundtruths\b. Testing Set\1. Microaneurysms\IDRiD_66_MA.tif,D:\RetinaGuard_Data\idrid\A. Segmentation\2. All Segmentation Groundtruths\b. Testing Set\2. Haemorrhages\IDRiD_66_HE.tif,D:\RetinaGuard_Data\idrid\A. Segmentation\2. All Segmentation Groundtruths\b. Testing Set\3. Hard Exudates\IDRiD_66_EX.tif,MISSING,D:\RetinaGuard_Data\idrid\A. Segmentation\2. All Segmentation Groundtruths\b. Testing Set\5. Optic Disc\IDRiD_66_OD.tif
IDRiD_67,test,D:\RetinaGuard_Data\idrid\A. Segmentation\1. Original Images\b. Testing Set\IDRiD_67.jpg,D:\RetinaGuard_Data\idrid\A. Segmentation\2. All Segmentation Groundtruths\b. Testing Set\1. Microaneurysms\IDRiD_67_MA.tif,D:\RetinaGuard_Data\idrid\A. Segmentation\2. All Segmentation Groundtruths\b. Testing Set\2. Haemorrhages\IDRiD_67_HE.tif,D:\RetinaGuard_Data\idrid\A. Segmentation\2. All Segmentation Groundtruths\b. Testing Set\3. Hard Exudates\IDRiD_67_EX.tif,D:\RetinaGuard_Data\idrid\A. Segmentation\2. All Segmentation Groundtruths\b. Testing Set\4. Soft Exudates\IDRiD_67_SE.tif,D:\RetinaGuard_Data\idrid\A. Segmentation\2. All Segmentation Groundtruths\b. Testing Set\5. Optic Disc\IDRiD_67_OD.tif
IDRiD_68,test,D:\RetinaGuard_Data\idrid\A. Segmentation\1. Original Images\b. Testing Set\IDRiD_68.jpg,D:\RetinaGuard_Data\idrid\A. Segmentation\2. All Segmentation Groundtruths\b. Testing Set\1. Microaneurysms\IDRiD_68_MA.tif,D:\RetinaGuard_Data\idrid\A. Segmentation\2. All Segmentation Groundtruths\b. Testing Set\2. Haemorrhages\IDRiD_68_HE.tif,D:\RetinaGuard_Data\idrid\A. Segmentation\2. All Segmentation Groundtruths\b. Testing Set\3. Hard Exudates\IDRiD_68_EX.tif,D:\RetinaGuard_Data\idrid\A. Segmentation\2. All Segmentation Groundtruths\b. Testing Set\4. Soft Exudates\IDRiD_68_SE.tif,D:\RetinaGuard_Data\idrid\A. Segmentation\2. All Segmentation Groundtruths\b. Testing Set\5. Optic Disc\IDRiD_68_OD.tif
IDRiD_69,test,D:\RetinaGuard_Data\idrid\A. Segmentation\1. Original Images\b. Testing Set\IDRiD_69.jpg,D:\RetinaGuard_Data\idrid\A. Segmentation\2. All Segmentation Groundtruths\b. Testing Set\1. Microaneurysms\IDRiD_69_MA.tif,D:\RetinaGuard_Data\idrid\A. Segmentation\2. All Segmentation Groundtruths\b. Testing Set\2. Haemorrhages\IDRiD_69_HE.tif,D:\RetinaGuard_Data\idrid\A. Segmentation\2. All Segmentation Groundtruths\b. Testing Set\3. Hard Exudates\IDRiD_69_EX.tif,MISSING,D:\RetinaGuard_Data\idrid\A. Segmentation\2. All Segmentation Groundtruths\b. Testing Set\5. Optic Disc\IDRiD_69_OD.tif
IDRiD_70,test,D:\RetinaGuard_Data\idrid\A. Segmentation\1. Original Images\b. Testing Set\IDRiD_70.jpg,D:\RetinaGuard_Data\idrid\A. Segmentation\2. All Segmentation Groundtruths\b. Testing Set\1. Microaneurysms\IDRiD_70_MA.tif,D:\RetinaGuard_Data\idrid\A. Segmentation\2. All Segmentation Groundtruths\b. Testing Set\2. Haemorrhages\IDRiD_70_HE.tif,D:\RetinaGuard_Data\idrid\A. Segmentation\2. All Segmentation Groundtruths\b. Testing Set\3. Hard Exudates\IDRiD_70_EX.tif,D:\RetinaGuard_Data\idrid\A. Segmentation\2. All Segmentation Groundtruths\b. Testing Set\4. Soft Exudates\IDRiD_70_SE.tif,D:\RetinaGuard_Data\idrid\A. Segmentation\2. All Segmentation Groundtruths\b. Testing Set\5. Optic Disc\IDRiD_70_OD.tif
IDRiD_71,test,D:\RetinaGuard_Data\idrid\A. Segmentation\1. Original Images\b. Testing Set\IDRiD_71.jpg,D:\RetinaGuard_Data\idrid\A. Segmentation\2. All Segmentation Groundtruths\b. Testing Set\1. Microaneurysms\IDRiD_71_MA.tif,D:\RetinaGuard_Data\idrid\A. Segmentation\2. All Segmentation Groundtruths\b. Testing Set\2. Haemorrhages\IDRiD_71_HE.tif,D:\RetinaGuard_Data\idrid\A. Segmentation\2. All Segmentation Groundtruths\b. Testing Set\3. Hard Exudates\IDRiD_71_EX.tif,D:\RetinaGuard_Data\idrid\A. Segmentation\2. All Segmentation Groundtruths\b. Testing Set\4. Soft Exudates\IDRiD_71_SE.tif,D:\RetinaGuard_Data\idrid\A. Segmentation\2. All Segmentation Groundtruths\b. Testing Set\5. Optic Disc\IDRiD_71_OD.tif
IDRiD_72,test,D:\RetinaGuard_Data\idrid\A. Segmentation\1. Original Images\b. Testing Set\IDRiD_72.jpg,D:\RetinaGuard_Data\idrid\A. Segmentation\2. All Segmentation Groundtruths\b. Testing Set\1. Microaneurysms\IDRiD_72_MA.tif,D:\RetinaGuard_Data\idrid\A. Segmentation\2. All Segmentation Groundtruths\b. Testing Set\2. Haemorrhages\IDRiD_72_HE.tif,D:\RetinaGuard_Data\idrid\A. Segmentation\2. All Segmentation Groundtruths\b. Testing Set\3. Hard Exudates\IDRiD_72_EX.tif,D:\RetinaGuard_Data\idrid\A. Segmentation\2. All Segmentation Groundtruths\b. Testing Set\4. Soft Exudates\IDRiD_72_SE.tif,D:\RetinaGuard_Data\idrid\A. Segmentation\2. All Segmentation Groundtruths\b. Testing Set\5. Optic Disc\IDRiD_72_OD.tif
IDRiD_73,test,D:\RetinaGuard_Data\idrid\A. Segmentation\1. Original Images\b. Testing Set\IDRiD_73.jpg,D:\RetinaGuard_Data\idrid\A. Segmentation\2. All Segmentation Groundtruths\b. Testing Set\1. Microaneurysms\IDRiD_73_MA.tif,D:\RetinaGuard_Data\idrid\A. Segmentation\2. All Segmentation Groundtruths\b. Testing Set\2. Haemorrhages\IDRiD_73_HE.tif,D:\RetinaGuard_Data\idrid\A. Segmentation\2. All Segmentation Groundtruths\b. Testing Set\3. Hard Exudates\IDRiD_73_EX.tif,D:\RetinaGuard_Data\idrid\A. Segmentation\2. All Segmentation Groundtruths\b. Testing Set\4. Soft Exudates\IDRiD_73_SE.tif,D:\RetinaGuard_Data\idrid\A. Segmentation\2. All Segmentation Groundtruths\b. Testing Set\5. Optic Disc\IDRiD_73_OD.tif
IDRiD_74,test,D:\RetinaGuard_Data\idrid\A. Segmentation\1. Original Images\b. Testing Set\IDRiD_74.jpg,D:\RetinaGuard_Data\idrid\A. Segmentation\2. All Segmentation Groundtruths\b. Testing Set\1. Microaneurysms\IDRiD_74_MA.tif,D:\RetinaGuard_Data\idrid\A. Segmentation\2. All Segmentation Groundtruths\b. Testing Set\2. Haemorrhages\IDRiD_74_HE.tif,D:\RetinaGuard_Data\idrid\A. Segmentation\2. All Segmentation Groundtruths\b. Testing Set\3. Hard Exudates\IDRiD_74_EX.tif,D:\RetinaGuard_Data\idrid\A. Segmentation\2. All Segmentation Groundtruths\b. Testing Set\4. Soft Exudates\IDRiD_74_SE.tif,D:\RetinaGuard_Data\idrid\A. Segmentation\2. All Segmentation Groundtruths\b. Testing Set\5. Optic Disc\IDRiD_74_OD.tif
IDRiD_75,test,D:\RetinaGuard_Data\idrid\A. Segmentation\1. Original Images\b. Testing Set\IDRiD_75.jpg,D:\RetinaGuard_Data\idrid\A. Segmentation\2. All Segmentation Groundtruths\b. Testing Set\1. Microaneurysms\IDRiD_75_MA.tif,D:\RetinaGuard_Data\idrid\A. Segmentation\2. All Segmentation Groundtruths\b. Testing Set\2. Haemorrhages\IDRiD_75_HE.tif,D:\RetinaGuard_Data\idrid\A. Segmentation\2. All Segmentation Groundtruths\b. Testing Set\3. Hard Exudates\IDRiD_75_EX.tif,D:\RetinaGuard_Data\idrid\A. Segmentation\2. All Segmentation Groundtruths\b. Testing Set\4. Soft Exudates\IDRiD_75_SE.tif,D:\RetinaGuard_Data\idrid\A. Segmentation\2. All Segmentation Groundtruths\b. Testing Set\5. Optic Disc\IDRiD_75_OD.tif
IDRiD_76,test,D:\RetinaGuard_Data\idrid\A. Segmentation\1. Original Images\b. Testing Set\IDRiD_76.jpg,D:\RetinaGuard_Data\idrid\A. Segmentation\2. All Segmentation Groundtruths\b. Testing Set\1. Microaneurysms\IDRiD_76_MA.tif,D:\RetinaGuard_Data\idrid\A. Segmentation\2. All Segmentation Groundtruths\b. Testing Set\2. Haemorrhages\IDRiD_76_HE.tif,D:\RetinaGuard_Data\idrid\A. Segmentation\2. All Segmentation Groundtruths\b. Testing Set\3. Hard Exudates\IDRiD_76_EX.tif,MISSING,D:\RetinaGuard_Data\idrid\A. Segmentation\2. All Segmentation Groundtruths\b. Testing Set\5. Optic Disc\IDRiD_76_OD.tif
IDRiD_77,test,D:\RetinaGuard_Data\idrid\A. Segmentation\1. Original Images\b. Testing Set\IDRiD_77.jpg,D:\RetinaGuard_Data\idrid\A. Segmentation\2. All Segmentation Groundtruths\b. Testing Set\1. Microaneurysms\IDRiD_77_MA.tif,D:\RetinaGuard_Data\idrid\A. Segmentation\2. All Segmentation Groundtruths\b. Testing Set\2. Haemorrhages\IDRiD_77_HE.tif,D:\RetinaGuard_Data\idrid\A. Segmentation\2. All Segmentation Groundtruths\b. Testing Set\3. Hard Exudates\IDRiD_77_EX.tif,MISSING,D:\RetinaGuard_Data\idrid\A. Segmentation\2. All Segmentation Groundtruths\b. Testing Set\5. Optic Disc\IDRiD_77_OD.tif
IDRiD_78,test,D:\RetinaGuard_Data\idrid\A. Segmentation\1. Original Images\b. Testing Set\IDRiD_78.jpg,D:\RetinaGuard_Data\idrid\A. Segmentation\2. All Segmentation Groundtruths\b. Testing Set\1. Microaneurysms\IDRiD_78_MA.tif,D:\RetinaGuard_Data\idrid\A. Segmentation\2. All Segmentation Groundtruths\b. Testing Set\2. Haemorrhages\IDRiD_78_HE.tif,D:\RetinaGuard_Data\idrid\A. Segmentation\2. All Segmentation Groundtruths\b. Testing Set\3. Hard Exudates\IDRiD_78_EX.tif,MISSING,D:\RetinaGuard_Data\idrid\A. Segmentation\2. All Segmentation Groundtruths\b. Testing Set\5. Optic Disc\IDRiD_78_OD.tif
IDRiD_79,test,D:\RetinaGuard_Data\idrid\A. Segmentation\1. Original Images\b. Testing Set\IDRiD_79.jpg,D:\RetinaGuard_Data\idrid\A. Segmentation\2. All Segmentation Groundtruths\b. Testing Set\1. Microaneurysms\IDRiD_79_MA.tif,D:\RetinaGuard_Data\idrid\A. Segmentation\2. All Segmentation Groundtruths\b. Testing Set\2. Haemorrhages\IDRiD_79_HE.tif,D:\RetinaGuard_Data\idrid\A. Segmentation\2. All Segmentation Groundtruths\b. Testing Set\3. Hard Exudates\IDRiD_79_EX.tif,MISSING,D:\RetinaGuard_Data\idrid\A. Segmentation\2. All Segmentation Groundtruths\b. Testing Set\5. Optic Disc\IDRiD_79_OD.tif
IDRiD_80,test,D:\RetinaGuard_Data\idrid\A. Segmentation\1. Original Images\b. Testing Set\IDRiD_80.jpg,D:\RetinaGuard_Data\idrid\A. Segmentation\2. All Segmentation Groundtruths\b. Testing Set\1. Microaneurysms\IDRiD_80_MA.tif,D:\RetinaGuard_Data\idrid\A. Segmentation\2. All Segmentation Groundtruths\b. Testing Set\2. Haemorrhages\IDRiD_80_HE.tif,D:\RetinaGuard_Data\idrid\A. Segmentation\2. All Segmentation Groundtruths\b. Testing Set\3. Hard Exudates\IDRiD_80_EX.tif,MISSING,D:\RetinaGuard_Data\idrid\A. Segmentation\2. All Segmentation Groundtruths\b. Testing Set\5. Optic Disc\IDRiD_80_OD.tif
IDRiD_81,test,D:\RetinaGuard_Data\idrid\A. Segmentation\1. Original Images\b. Testing Set\IDRiD_81.jpg,D:\RetinaGuard_Data\idrid\A. Segmentation\2. All Segmentation Groundtruths\b. Testing Set\1. Microaneurysms\IDRiD_81_MA.tif,D:\RetinaGuard_Data\idrid\A. Segmentation\2. All Segmentation Groundtruths\b. Testing Set\2. Haemorrhages\IDRiD_81_HE.tif,D:\RetinaGuard_Data\idrid\A. Segmentation\2. All Segmentation Groundtruths\b. Testing Set\3. Hard Exudates\IDRiD_81_EX.tif,MISSING,D:\RetinaGuard_Data\idrid\A. Segmentation\2. All Segmentation Groundtruths\b. Testing Set\5. Optic Disc\IDRiD_81_OD.tif
